train/loss,epoch,step
2.0362019538879395,0,0
,,0
0.833534836769104,0,100
0.5635388493537903,1,200
0.45185786485671997,1,300
0.5700165033340454,2,400
0.5693594217300415,2,500
0.4741620421409607,3,600
0.40248388051986694,3,700
0.5014429092407227,4,800
0.4191831052303314,4,900
0.460269570350647,5,1000
0.40704938769340515,5,1100
0.39466404914855957,6,1200
0.36626526713371277,6,1300
0.42428404092788696,7,1400
0.34133511781692505,7,1500
0.3679478168487549,8,1600
0.3962375521659851,8,1700
0.4261929988861084,9,1800
0.3547511696815491,10,1900
0.36291006207466125,10,2000
0.36813056468963623,11,2100
0.3465503454208374,11,2200
0.378473162651062,12,2300
0.33152419328689575,12,2400
0.3929765820503235,13,2500
0.3809487819671631,13,2600
0.38123074173927307,14,2700
0.38199591636657715,14,2800
0.36706602573394775,15,2900
0.31169241666793823,15,3000
0.34298861026763916,16,3100
0.32030758261680603,16,3200
0.3302671015262604,17,3300
0.360489159822464,17,3400
0.35277360677719116,18,3500
0.3679582476615906,19,3600
0.35164859890937805,19,3700
0.34715163707733154,20,3800
0.335653156042099,20,3900
0.33733782172203064,21,4000
0.29299598932266235,21,4100
0.35191041231155396,22,4200
0.3621719181537628,22,4300
0.31468355655670166,23,4400
0.28777235746383667,23,4500
0.3260437846183777,24,4600
0.29256686568260193,24,4700
0.31722861528396606,25,4800
0.30509471893310547,25,4900
0.3194931745529175,26,5000
0.33649665117263794,26,5100
0.3454762101173401,27,5200
0.25415870547294617,28,5300
0.2917746305465698,28,5400
0.3154769241809845,29,5500
0.40387022495269775,29,5600
0.3470925986766815,30,5700
0.3061440587043762,30,5800
0.3101818561553955,31,5900
0.3201826214790344,31,6000
0.2967624068260193,32,6100
0.25588035583496094,32,6200
0.3420864939689636,33,6300
0.2920134365558624,33,6400
0.3004462420940399,34,6500
0.2806457281112671,34,6600
0.25672364234924316,35,6700
0.2785329818725586,35,6800
0.3156442642211914,36,6900
0.25352272391319275,37,7000
0.2936338186264038,37,7100
0.35702812671661377,38,7200
0.2866174578666687,38,7300
0.3000006675720215,39,7400
0.3066039979457855,39,7500
0.2778036296367645,40,7600
0.2986851930618286,40,7700
0.3857819139957428,41,7800
0.2591942846775055,41,7900
0.30490604043006897,42,8000
0.3003140091896057,42,8100
0.276985764503479,43,8200
0.34595441818237305,43,8300
0.31500253081321716,44,8400
0.26594632863998413,44,8500
0.2841590642929077,45,8600
0.35544461011886597,46,8700
0.3146871328353882,46,8800
0.2881227433681488,47,8900
0.2976829707622528,47,9000
0.32249513268470764,48,9100
0.27751338481903076,48,9200
0.28548797965049744,49,9300
0.3428025245666504,49,9400
0.32565170526504517,50,9500
0.37369781732559204,50,9600
0.27269572019577026,51,9700
0.2718890905380249,51,9800
0.27653664350509644,52,9900
0.3181968033313751,52,10000
,,10000
0.3064380884170532,53,10100
0.25755491852760315,53,10200
0.25795990228652954,54,10300
0.24917066097259521,55,10400
0.37036776542663574,55,10500
0.25612905621528625,56,10600
0.2753305435180664,56,10700
0.32086265087127686,57,10800
0.26656001806259155,57,10900
0.27805259823799133,58,11000
0.3068360984325409,58,11100
0.2699684500694275,59,11200
0.23765477538108826,59,11300
0.2794535160064697,60,11400
0.22897401452064514,60,11500
0.29386553168296814,61,11600
0.2727391719818115,61,11700
0.32528021931648254,62,11800
0.24909932911396027,62,11900
0.37603968381881714,63,12000
0.2813500165939331,64,12100
0.2643750309944153,64,12200
0.26549527049064636,65,12300
0.29585570096969604,65,12400
0.24645471572875977,66,12500
0.23407649993896484,66,12600
0.2532229423522949,67,12700
0.3008102476596832,67,12800
0.2906171679496765,68,12900
0.2801564335823059,68,13000
0.2530417740345001,69,13100
0.31916338205337524,69,13200
0.2479102462530136,70,13300
0.3149077594280243,70,13400
0.27201488614082336,71,13500
0.2670307755470276,71,13600
0.2516562044620514,72,13700
0.27686238288879395,73,13800
0.2963603436946869,73,13900
0.22980014979839325,74,14000
0.28793591260910034,74,14100
0.2660703957080841,75,14200
0.31034398078918457,75,14300
0.2390233278274536,76,14400
0.24248331785202026,76,14500
0.25579097867012024,77,14600
0.2542683482170105,77,14700
0.3172667622566223,78,14800
0.2640427052974701,78,14900
0.28127521276474,79,15000
0.2765246629714966,79,15100
0.32640016078948975,80,15200
0.26182326674461365,80,15300
0.24826166033744812,81,15400
0.25110504031181335,82,15500
0.23595941066741943,82,15600
0.2777853012084961,83,15700
0.21661150455474854,83,15800
0.24602185189723969,84,15900
0.2722528576850891,84,16000
0.2794490158557892,85,16100
0.29412537813186646,85,16200
0.2303304523229599,86,16300
0.2569471001625061,86,16400
0.2165297120809555,87,16500
0.2678182125091553,87,16600
0.30315160751342773,88,16700
0.2692187428474426,88,16800
0.27245384454727173,89,16900
0.26715683937072754,89,17000
0.2774674594402313,90,17100
0.2970469892024994,91,17200
0.24421371519565582,91,17300
0.2992004156112671,92,17400
0.27879565954208374,92,17500
0.2692864239215851,93,17600
0.23712825775146484,93,17700
0.2553647756576538,94,17800
0.23585784435272217,94,17900
0.25181323289871216,95,18000
0.25130701065063477,95,18100
0.27710211277008057,96,18200
0.23823940753936768,96,18300
0.256187379360199,97,18400
0.29034850001335144,97,18500
0.26590579748153687,98,18600
0.27728360891342163,98,18700
0.23222288489341736,99,18800
0.2908402383327484,100,18900
0.26556339859962463,100,19000
0.2232653945684433,101,19100
0.21892955899238586,101,19200
0.2784798741340637,102,19300
0.2596433162689209,102,19400
0.2910919785499573,103,19500
0.2475164383649826,103,19600
0.310039222240448,104,19700
0.22766607999801636,104,19800
0.3096570670604706,105,19900
0.2653096318244934,105,20000
,,20000
0.23911815881729126,106,20100
0.250502347946167,106,20200
0.2401171624660492,107,20300
0.2761908173561096,107,20400
0.20878866314888,108,20500
0.251720130443573,108,20600
0.26647698879241943,109,20700
0.2356298863887787,110,20800
0.2458237260580063,110,20900
0.23787561058998108,111,21000
0.23532778024673462,111,21100
0.20822840929031372,112,21200
0.24576905369758606,112,21300
0.24444755911827087,113,21400
0.2439783662557602,113,21500
0.24374355375766754,114,21600
0.26981306076049805,114,21700
0.2609918713569641,115,21800
0.2432137429714203,115,21900
0.22833839058876038,116,22000
0.2784581184387207,116,22100
0.257595956325531,117,22200
0.23525047302246094,117,22300
0.23104307055473328,118,22400
0.2291167974472046,119,22500
0.24541641771793365,119,22600
0.2419782280921936,120,22700
0.2234254777431488,120,22800
0.30143988132476807,121,22900
0.2358350306749344,121,23000
0.29663795232772827,122,23100
0.23191051185131073,122,23200
0.23293457925319672,123,23300
0.2860566973686218,123,23400
0.2619434595108032,124,23500
0.21573984622955322,124,23600
0.30778953433036804,125,23700
0.2530648708343506,125,23800
0.2645753026008606,126,23900
0.23170402646064758,126,24000
0.2574694752693176,127,24100
0.26872408390045166,128,24200
0.22694918513298035,128,24300
0.24508078396320343,129,24400
0.2500705122947693,129,24500
0.25586745142936707,130,24600
0.21113522350788116,130,24700
0.2031068205833435,131,24800
0.24050894379615784,131,24900
0.24566484987735748,132,25000
0.22105532884597778,132,25100
0.19423912465572357,133,25200
0.2186255007982254,133,25300
0.2089114487171173,134,25400
0.23900137841701508,134,25500
0.29580599069595337,135,25600
0.23464107513427734,135,25700
0.2162661999464035,136,25800
0.22669421136379242,137,25900
0.2947327196598053,137,26000
0.1824253499507904,138,26100
0.24846509099006653,138,26200
0.2533290982246399,139,26300
0.2559341788291931,139,26400
0.25282153487205505,140,26500
0.25321143865585327,140,26600
0.2964705228805542,141,26700
0.23758208751678467,141,26800
0.2545647621154785,142,26900
0.2483091652393341,142,27000
0.25154563784599304,143,27100
0.22479158639907837,143,27200
0.24582144618034363,144,27300
0.2628054618835449,144,27400
0.2614022493362427,145,27500
0.2587866485118866,146,27600
0.2209993600845337,146,27700
0.2595932185649872,147,27800
0.2203638255596161,147,27900
0.25709378719329834,148,28000
0.23438438773155212,148,28100
0.2545631527900696,149,28200
0.27644962072372437,149,28300
0.23868313431739807,150,28400
0.2284441888332367,150,28500
0.21460136771202087,151,28600
0.26975029706954956,151,28700
0.2376633584499359,152,28800
0.23774883151054382,152,28900
0.23153701424598694,153,29000
0.21998867392539978,153,29100
0.2673572897911072,154,29200
0.2545560896396637,155,29300
0.2637338638305664,155,29400
0.2583205997943878,156,29500
0.26883465051651,156,29600
0.21127939224243164,157,29700
0.22207197546958923,157,29800
0.23050779104232788,158,29900
0.2291129231452942,158,30000
,,30000
0.20154881477355957,159,30100
0.22724127769470215,159,30200
0.2337411344051361,160,30300
0.2256009578704834,160,30400
0.22081243991851807,161,30500
0.18285638093948364,161,30600
0.23929589986801147,162,30700
0.20307712256908417,162,30800
0.23769456148147583,163,30900
0.21856753528118134,164,31000
0.23231720924377441,164,31100
0.2500612139701843,165,31200
0.21054694056510925,165,31300
0.19979456067085266,166,31400
0.2675958275794983,166,31500
0.18568730354309082,167,31600
0.231196328997612,167,31700
0.20070642232894897,168,31800
0.20207718014717102,168,31900
0.20284190773963928,169,32000
0.1846465766429901,169,32100
0.23144623637199402,170,32200
0.22760894894599915,170,32300
0.23686164617538452,171,32400
0.2149074673652649,171,32500
0.22996242344379425,172,32600
0.21373826265335083,173,32700
0.22390210628509521,173,32800
0.2220093011856079,174,32900
0.18708521127700806,174,33000
0.21091900765895844,175,33100
0.24016165733337402,175,33200
0.2561851441860199,176,33300
0.22774186730384827,176,33400
0.25793957710266113,177,33500
0.23064002394676208,177,33600
0.2528402507305145,178,33700
0.20692695677280426,178,33800
0.2360657900571823,179,33900
0.27297139167785645,179,34000
0.2294023036956787,180,34100
0.22513887286186218,180,34200
0.18359819054603577,181,34300
0.2533850073814392,182,34400
0.23578238487243652,182,34500
0.22154207527637482,183,34600
0.23372867703437805,183,34700
0.19621141254901886,184,34800
0.2325262427330017,184,34900
0.2578120827674866,185,35000
0.21190455555915833,185,35100
0.21353456377983093,186,35200
0.17739136517047882,186,35300
0.2425159066915512,187,35400
0.2378627061843872,187,35500
0.1855463683605194,188,35600
0.18015813827514648,188,35700
0.20010250806808472,189,35800
0.2049289345741272,189,35900
0.2482219636440277,190,36000
0.1981533169746399,191,36100
0.24793189764022827,191,36200
0.245205357670784,192,36300
0.2013041079044342,192,36400
0.2142399698495865,193,36500
0.2404675930738449,193,36600
0.23084357380867004,194,36700
0.20575293898582458,194,36800
0.2165343165397644,195,36900
0.21069802343845367,195,37000
0.2549060583114624,196,37100
0.23138439655303955,196,37200
0.21738725900650024,197,37300
0.22853440046310425,197,37400
0.2530893087387085,198,37500
0.19100406765937805,198,37600
0.24722956120967865,199,37700
0.2176535725593567,200,37800
0.24375301599502563,200,37900
0.2490917593240738,201,38000
0.18812300264835358,201,38100
0.18731313943862915,202,38200
0.2420474737882614,202,38300
0.23555487394332886,203,38400
0.19633929431438446,203,38500
0.18740592896938324,204,38600
0.22955335676670074,204,38700
0.204249769449234,205,38800
0.24721601605415344,205,38900
0.2210080623626709,206,39000
0.24497902393341064,206,39100
0.179229736328125,207,39200
0.19878298044204712,207,39300
0.20908783376216888,208,39400
0.24223574995994568,208,39500
0.22332996129989624,209,39600
0.214548259973526,210,39700
0.20524752140045166,210,39800
0.1737426519393921,211,39900
0.219657301902771,211,40000
,,40000
0.2371639907360077,212,40100
0.19835761189460754,212,40200
0.1750783771276474,213,40300
0.21659591794013977,213,40400
0.20029544830322266,214,40500
0.24733039736747742,214,40600
0.22959236800670624,215,40700
0.19799703359603882,215,40800
0.18226438760757446,216,40900
0.2375681847333908,216,41000
0.22608408331871033,217,41100
0.21356438100337982,217,41200
0.2283964455127716,218,41300
0.2151365876197815,219,41400
0.18485528230667114,219,41500
0.20171073079109192,220,41600
0.22031646966934204,220,41700
0.24092227220535278,221,41800
0.2670014500617981,221,41900
0.23454508185386658,222,42000
0.21142834424972534,222,42100
0.21840426325798035,223,42200
0.2016279101371765,223,42300
0.23484468460083008,224,42400
0.2445060908794403,224,42500
0.22552523016929626,225,42600
0.20236355066299438,225,42700
0.2358238399028778,226,42800
0.19987604022026062,226,42900
0.22486062347888947,227,43000
0.17210474610328674,228,43100
0.2342173159122467,228,43200
0.23558253049850464,229,43300
0.21512439846992493,229,43400
0.30307191610336304,230,43500
0.17648673057556152,230,43600
0.2222636640071869,231,43700
0.17811524868011475,231,43800
0.16960424184799194,232,43900
0.21648681163787842,232,44000
0.19779528677463531,233,44100
0.19026613235473633,233,44200
0.1969534158706665,234,44300
0.20455273985862732,234,44400
0.2800730764865875,235,44500
0.22694405913352966,235,44600
0.22472748160362244,236,44700
0.23002931475639343,237,44800
0.2148774266242981,237,44900
0.21574920415878296,238,45000
0.21732887625694275,238,45100
0.18942132592201233,239,45200
0.2171889692544937,239,45300
0.24082691967487335,240,45400
0.1814025640487671,240,45500
0.22958089411258698,241,45600
0.22801485657691956,241,45700
0.21040569245815277,242,45800
0.21716754138469696,242,45900
0.20989438891410828,243,46000
0.23548674583435059,243,46100
0.17110753059387207,244,46200
0.21921616792678833,244,46300
0.22641780972480774,245,46400
0.21328289806842804,246,46500
0.22330915927886963,246,46600
0.2134825587272644,247,46700
0.25567370653152466,247,46800
0.1859099566936493,248,46900
0.257722407579422,248,47000
0.20465794205665588,249,47100
0.21742784976959229,249,47200
0.1582263559103012,250,47300
0.20913764834403992,250,47400
0.2031528204679489,251,47500
0.21036624908447266,251,47600
0.21377107501029968,252,47700
0.21008837223052979,252,47800
0.21210506558418274,253,47900
0.207350492477417,253,48000
0.20620782673358917,254,48100
0.22121043503284454,255,48200
0.17987950146198273,255,48300
0.20401254296302795,256,48400
0.18330971896648407,256,48500
0.24403636157512665,257,48600
0.187610924243927,257,48700
0.18810473382472992,258,48800
0.19850623607635498,258,48900
0.180672287940979,259,49000
0.20907405018806458,259,49100
0.23439866304397583,260,49200
0.15873095393180847,260,49300
0.22742146253585815,261,49400
0.188224658370018,261,49500
0.1862768530845642,262,49600
0.17598477005958557,262,49700
0.23650842905044556,263,49800
0.18897119164466858,264,49900
0.24049833416938782,264,50000
,,50000
0.213483065366745,265,50100
0.21625903248786926,265,50200
0.22097396850585938,266,50300
0.19927141070365906,266,50400
0.20758552849292755,267,50500
0.19105514883995056,267,50600
0.19808101654052734,268,50700
0.1977025717496872,268,50800
0.18154287338256836,269,50900
0.1991681009531021,269,51000
0.22998052835464478,270,51100
0.2032453864812851,270,51200
0.208288311958313,271,51300
0.21489734947681427,271,51400
0.18824848532676697,272,51500
0.20269522070884705,273,51600
0.23846611380577087,273,51700
0.19914644956588745,274,51800
0.24343396723270416,274,51900
0.1904931664466858,275,52000
0.1928478628396988,275,52100
0.18489715456962585,276,52200
0.20928584039211273,276,52300
0.2031146138906479,277,52400
0.19434881210327148,277,52500
0.23598064482212067,278,52600
0.18931058049201965,278,52700
0.1839980185031891,279,52800
0.20979510247707367,279,52900
0.1710508167743683,280,53000
0.22853770852088928,280,53100
0.28038665652275085,281,53200
0.16008563339710236,282,53300
0.1758894920349121,282,53400
0.1575574278831482,283,53500
0.219882994890213,283,53600
0.20973804593086243,284,53700
0.19999542832374573,284,53800
0.16369113326072693,285,53900
0.17527790367603302,285,54000
0.19725178182125092,286,54100
0.17350336909294128,286,54200
0.1977819800376892,287,54300
0.21133950352668762,287,54400
0.20245644450187683,288,54500
0.20728901028633118,288,54600
0.19546255469322205,289,54700
0.22233402729034424,289,54800
0.21465551853179932,290,54900
0.19422568380832672,291,55000
0.18420547246932983,291,55100
0.20748673379421234,292,55200
0.194327712059021,292,55300
0.186990886926651,293,55400
0.2191339135169983,293,55500
0.21490533649921417,294,55600
0.19408287107944489,294,55700
0.23333740234375,295,55800
0.2196630984544754,295,55900
0.22619304060935974,296,56000
0.2002444565296173,296,56100
0.1781102418899536,297,56200
0.15332835912704468,297,56300
0.17291373014450073,298,56400
0.18536685407161713,298,56500
0.195987731218338,299,56600
0.18064504861831665,300,56700
0.2205425500869751,300,56800
0.15200938284397125,301,56900
0.19001856446266174,301,57000
0.16701489686965942,302,57100
0.20964527130126953,302,57200
0.20321805775165558,303,57300
0.1566920131444931,303,57400
0.197432279586792,304,57500
0.19280079007148743,304,57600
0.18141043186187744,305,57700
0.15987910330295563,305,57800
0.19367538392543793,306,57900
0.22418877482414246,306,58000
0.2127370685338974,307,58100
0.21431580185890198,307,58200
0.2335927039384842,308,58300
0.17584377527236938,308,58400
0.1775978058576584,309,58500
0.19286006689071655,310,58600
0.20774753391742706,310,58700
0.18558922410011292,311,58800
0.1809385120868683,311,58900
0.16894474625587463,312,59000
0.18277588486671448,312,59100
0.20085714757442474,313,59200
0.182151198387146,313,59300
0.24895715713500977,314,59400
0.21291062235832214,314,59500
0.2007492184638977,315,59600
0.18606621026992798,315,59700
0.19863393902778625,316,59800
0.1910007745027542,316,59900
0.2192394882440567,317,60000
,,60000
0.16520807147026062,317,60100
0.23951296508312225,318,60200
0.1861966997385025,319,60300
0.14709672331809998,319,60400
0.19727742671966553,320,60500
0.22295543551445007,320,60600
0.2058825045824051,321,60700
0.17812006175518036,321,60800
0.1685827374458313,322,60900
0.15728381276130676,322,61000
0.15727181732654572,323,61100
0.18821930885314941,323,61200
0.1875169575214386,324,61300
0.2112690508365631,324,61400
0.18152692914009094,325,61500
0.1890457570552826,325,61600
0.1861126720905304,326,61700
0.2198593020439148,326,61800
0.15568801760673523,327,61900
0.16249015927314758,328,62000
0.234687939286232,328,62100
0.1987052857875824,329,62200
0.189790278673172,329,62300
0.19221749901771545,330,62400
0.17780202627182007,330,62500
0.20868262648582458,331,62600
0.17706626653671265,331,62700
0.20001652836799622,332,62800
0.17933174967765808,332,62900
0.22243337333202362,333,63000
0.2193581461906433,333,63100
0.1867678463459015,334,63200
0.18021970987319946,334,63300
0.17786626517772675,335,63400
0.20130661129951477,335,63500
0.17896440625190735,336,63600
0.17103317379951477,337,63700
0.16241905093193054,337,63800
0.19666165113449097,338,63900
0.17237427830696106,338,64000
0.21831408143043518,339,64100
0.18029919266700745,339,64200
0.18714767694473267,340,64300
0.19646625220775604,340,64400
0.15844643115997314,341,64500
0.2044544816017151,341,64600
0.23232051730155945,342,64700
0.2289639115333557,342,64800
0.16947060823440552,343,64900
0.1856674700975418,343,65000
0.21224282681941986,344,65100
0.24046416580677032,344,65200
0.2045878767967224,345,65300
0.17658677697181702,346,65400
0.17338760197162628,346,65500
0.20701876282691956,347,65600
0.1908435821533203,347,65700
0.19772861897945404,348,65800
0.21831610798835754,348,65900
0.18940064311027527,349,66000
0.1575687974691391,349,66100
0.16571611166000366,350,66200
0.1767200529575348,350,66300
0.20217837393283844,351,66400
0.21554484963417053,351,66500
0.1920960396528244,352,66600
0.23770195245742798,352,66700
0.22487735748291016,353,66800
0.21503663063049316,353,66900
0.16461467742919922,354,67000
0.20065878331661224,355,67100
0.188085675239563,355,67200
0.20339614152908325,356,67300
0.20177873969078064,356,67400
0.1792856752872467,357,67500
0.1855054795742035,357,67600
0.21830600500106812,358,67700
0.21870362758636475,358,67800
0.19389203190803528,359,67900
0.19038420915603638,359,68000
0.14008811116218567,360,68100
0.21212193369865417,360,68200
0.1909923255443573,361,68300
0.1923379898071289,361,68400
0.19006095826625824,362,68500
0.20789171755313873,362,68600
0.18110975623130798,363,68700
0.1795383095741272,364,68800
0.1850297451019287,364,68900
0.17862793803215027,365,69000
0.18736937642097473,365,69100
0.19643032550811768,366,69200
0.18987232446670532,366,69300
0.2364538609981537,367,69400
0.2135666012763977,367,69500
0.14524784684181213,368,69600
0.17435865104198456,368,69700
0.2013927698135376,369,69800
0.20278939604759216,369,69900
0.1804209053516388,370,70000
,,70000
0.16952498257160187,370,70100
0.16241607069969177,371,70200
0.225717693567276,371,70300
0.20710521936416626,372,70400
0.2020246982574463,373,70500
0.19447407126426697,373,70600
0.1807050257921219,374,70700
0.16389629244804382,374,70800
0.1608167290687561,375,70900
0.15873420238494873,375,71000
0.21917137503623962,376,71100
0.19710960984230042,376,71200
0.18779581785202026,377,71300
0.18863365054130554,377,71400
0.1656932234764099,378,71500
0.16944438219070435,378,71600
0.16980761289596558,379,71700
0.15038342773914337,379,71800
0.19223934412002563,380,71900
0.1769540011882782,380,72000
0.1583229899406433,381,72100
0.17171740531921387,382,72200
0.19338156282901764,382,72300
0.18633650243282318,383,72400
0.20969580113887787,383,72500
0.22200724482536316,384,72600
0.18258923292160034,384,72700
0.17221835255622864,385,72800
0.18428215384483337,385,72900
0.18798986077308655,386,73000
0.16499489545822144,386,73100
0.173845112323761,387,73200
0.18655943870544434,387,73300
0.1780618280172348,388,73400
0.1932823657989502,388,73500
0.22095884382724762,389,73600
0.17649266123771667,389,73700
0.1902102530002594,390,73800
0.15458738803863525,391,73900
0.16414904594421387,391,74000
0.20553208887577057,392,74100
0.22539976239204407,392,74200
0.21643944084644318,393,74300
0.1826607882976532,393,74400
0.20458725094795227,394,74500
0.17191487550735474,394,74600
0.18378397822380066,395,74700
0.20310047268867493,395,74800
0.21622192859649658,396,74900
0.15976692736148834,396,75000
0.16982778906822205,397,75100
0.1604418158531189,397,75200
0.1978643387556076,398,75300
0.1883220374584198,398,75400
0.19416756927967072,399,75500
