Eval_AverageReturn,Eval_StdReturn,Eval_MaxReturn,Eval_MinReturn,Eval_AverageEpLen,step,Train_EpisodeReturn,Train_EpisodeLen,critic_loss,q_values,target_values,grad_norm,epsilon,lr
50.9,33.037704,141.0,23.0,50.9,0,,,,,,,,
,,,,,8,9.0,9,,,,,,
,,,,,16,8.0,8,,,,,,
,,,,,25,9.0,9,,,,,,
,,,,,35,10.0,10,,,,,,
,,,,,44,9.0,9,,,,,,
,,,,,53,9.0,9,,,,,,
,,,,,62,9.0,9,,,,,,
,,,,,72,10.0,10,,,,,,
,,,,,82,10.0,10,,,,,,
,,,,,91,9.0,9,,,,,,
,,,,,102,11.0,11,,,,,,
,,,,,112,10.0,10,,,,,,
,,,,,120,8.0,8,,,,,,
,,,,,129,9.0,9,,,,,,
,,,,,139,10.0,10,,,,,,
,,,,,147,8.0,8,,,,,,
,,,,,157,10.0,10,,,,,,
,,,,,167,10.0,10,,,,,,
,,,,,177,10.0,10,,,,,,
,,,,,186,9.0,9,,,,,,
,,,,,196,10.0,10,,,,,,
,,,,,204,8.0,8,,,,,,
,,,,,214,10.0,10,,,,,,
,,,,,224,10.0,10,,,,,,
,,,,,233,9.0,9,,,,,,
,,,,,242,9.0,9,,,,,,
,,,,,252,10.0,10,,,,,,
,,,,,262,10.0,10,,,,,,
,,,,,272,10.0,10,,,,,,
,,,,,282,10.0,10,,,,,,
,,,,,290,8.0,8,,,,,,
,,,,,299,9.0,9,,,,,,
,,,,,309,10.0,10,,,,,,
,,,,,318,9.0,9,,,,,,
,,,,,328,10.0,10,,,,,,
,,,,,338,10.0,10,,,,,,
,,,,,347,9.0,9,,,,,,
,,,,,358,11.0,11,,,,,,
,,,,,367,9.0,9,,,,,,
,,,,,378,11.0,11,,,,,,
,,,,,388,10.0,10,,,,,,
,,,,,398,10.0,10,,,,,,
,,,,,408,10.0,10,,,,,,
,,,,,419,11.0,11,,,,,,
,,,,,428,9.0,9,,,,,,
,,,,,438,10.0,10,,,,,,
,,,,,447,9.0,9,,,,,,
,,,,,458,11.0,11,,,,,,
,,,,,468,10.0,10,,,,,,
,,,,,479,11.0,11,,,,,,
,,,,,489,10.0,10,,,,,,
,,,,,498,9.0,9,,,,,,
,,,,,507,9.0,9,,,,,,
,,,,,516,9.0,9,,,,,,
,,,,,524,8.0,8,,,,,,
,,,,,533,9.0,9,,,,,,
,,,,,543,10.0,10,,,,,,
,,,,,552,9.0,9,,,,,,
,,,,,561,9.0,9,,,,,,
,,,,,571,10.0,10,,,,,,
,,,,,581,10.0,10,,,,,,
,,,,,591,10.0,10,,,,,,
,,,,,600,9.0,9,,,,,,
,,,,,610,10.0,10,,,,,,
,,,,,620,10.0,10,,,,,,
,,,,,629,9.0,9,,,,,,
,,,,,638,9.0,9,,,,,,
,,,,,648,10.0,10,,,,,,
,,,,,658,10.0,10,,,,,,
,,,,,667,9.0,9,,,,,,
,,,,,675,8.0,8,,,,,,
,,,,,684,9.0,9,,,,,,
,,,,,692,8.0,8,,,,,,
,,,,,700,8.0,8,,,,,,
,,,,,709,9.0,9,,,,,,
,,,,,720,11.0,11,,,,,,
,,,,,728,8.0,8,,,,,,
,,,,,739,11.0,11,,,,,,
,,,,,748,9.0,9,,,,,,
,,,,,757,9.0,9,,,,,,
,,,,,766,9.0,9,,,,,,
,,,,,775,9.0,9,,,,,,
,,,,,786,11.0,11,,,,,,
,,,,,795,9.0,9,,,,,,
,,,,,804,9.0,9,,,,,,
,,,,,813,9.0,9,,,,,,
,,,,,823,10.0,10,,,,,,
,,,,,833,10.0,10,,,,,,
,,,,,841,8.0,8,,,,,,
,,,,,849,8.0,8,,,,,,
,,,,,860,11.0,11,,,,,,
,,,,,869,9.0,9,,,,,,
,,,,,880,11.0,11,,,,,,
,,,,,889,9.0,9,,,,,,
,,,,,898,9.0,9,,,,,,
,,,,,908,10.0,10,,,,,,
,,,,,917,9.0,9,,,,,,
,,,,,927,10.0,10,,,,,,
,,,,,937,10.0,10,,,,,,
,,,,,946,9.0,9,,,,,,
,,,,,956,10.0,10,,,,,,
,,,,,965,9.0,9,,,,,,
,,,,,973,8.0,8,,,,,,
,,,,,982,9.0,9,,,,,,
,,,,,992,10.0,10,,,,,,
,,,,,1000,,,1.4327425956726074,0.08488393574953079,1.2730326652526855,6.749773025512695,0.97,0.0005
,,,,,1002,10.0,10,,,,,,
,,,,,1014,12.0,12,,,,,,
,,,,,1031,17.0,17,,,,,,
,,,,,1043,12.0,12,,,,,,
,,,,,1054,11.0,11,,,,,,
,,,,,1064,10.0,10,,,,,,
,,,,,1074,10.0,10,,,,,,
,,,,,1084,10.0,10,,,,,,
,,,,,1098,14.0,14,,,,,,
,,,,,1113,15.0,15,,,,,,
,,,,,1135,22.0,22,,,,,,
,,,,,1163,28.0,28,,,,,,
,,,,,1184,21.0,21,,,,,,
,,,,,1205,21.0,21,,,,,,
,,,,,1223,18.0,18,,,,,,
,,,,,1241,18.0,18,,,,,,
,,,,,1262,21.0,21,,,,,,
,,,,,1285,23.0,23,,,,,,
,,,,,1302,17.0,17,,,,,,
,,,,,1316,14.0,14,,,,,,
,,,,,1332,16.0,16,,,,,,
,,,,,1347,15.0,15,,,,,,
,,,,,1360,13.0,13,,,,,,
,,,,,1373,13.0,13,,,,,,
,,,,,1388,15.0,15,,,,,,
,,,,,1400,12.0,12,,,,,,
,,,,,1416,16.0,16,,,,,,
,,,,,1432,16.0,16,,,,,,
,,,,,1446,14.0,14,,,,,,
,,,,,1462,16.0,16,,,,,,
,,,,,1473,11.0,11,,,,,,
,,,,,1489,16.0,16,,,,,,
,,,,,1500,11.0,11,,,,,,
,,,,,1516,16.0,16,,,,,,
,,,,,1529,13.0,13,,,,,,
,,,,,1546,17.0,17,,,,,,
,,,,,1561,15.0,15,,,,,,
,,,,,1575,14.0,14,,,,,,
,,,,,1589,14.0,14,,,,,,
,,,,,1601,12.0,12,,,,,,
,,,,,1614,13.0,13,,,,,,
,,,,,1630,16.0,16,,,,,,
,,,,,1645,15.0,15,,,,,,
,,,,,1655,10.0,10,,,,,,
,,,,,1670,15.0,15,,,,,,
,,,,,1681,11.0,11,,,,,,
,,,,,1694,13.0,13,,,,,,
,,,,,1709,15.0,15,,,,,,
,,,,,1721,12.0,12,,,,,,
,,,,,1734,13.0,13,,,,,,
,,,,,1746,12.0,12,,,,,,
,,,,,1756,10.0,10,,,,,,
,,,,,1766,10.0,10,,,,,,
,,,,,1777,11.0,11,,,,,,
,,,,,1790,13.0,13,,,,,,
,,,,,1802,12.0,12,,,,,,
,,,,,1821,19.0,19,,,,,,
,,,,,1833,12.0,12,,,,,,
,,,,,1846,13.0,13,,,,,,
,,,,,1858,12.0,12,,,,,,
,,,,,1869,11.0,11,,,,,,
,,,,,1879,10.0,10,,,,,,
,,,,,1891,12.0,12,,,,,,
,,,,,1903,12.0,12,,,,,,
,,,,,1919,16.0,16,,,,,,
,,,,,1929,10.0,10,,,,,,
,,,,,1940,11.0,11,,,,,,
,,,,,1952,12.0,12,,,,,,
,,,,,1963,11.0,11,,,,,,
,,,,,1976,13.0,13,,,,,,
,,,,,1991,15.0,15,,,,,,
,,,,,2000,,,0.005268965847790241,1.142476201057434,1.1396397352218628,0.019850555807352066,0.94,0.0005
,,,,,2006,15.0,15,,,,,,
,,,,,2026,20.0,20,,,,,,
,,,,,2036,10.0,10,,,,,,
,,,,,2049,13.0,13,,,,,,
,,,,,2059,10.0,10,,,,,,
,,,,,2069,10.0,10,,,,,,
,,,,,2078,9.0,9,,,,,,
,,,,,2090,12.0,12,,,,,,
,,,,,2100,10.0,10,,,,,,
,,,,,2111,11.0,11,,,,,,
,,,,,2121,10.0,10,,,,,,
,,,,,2132,11.0,11,,,,,,
,,,,,2142,10.0,10,,,,,,
,,,,,2152,10.0,10,,,,,,
,,,,,2162,10.0,10,,,,,,
,,,,,2171,9.0,9,,,,,,
,,,,,2181,10.0,10,,,,,,
,,,,,2191,10.0,10,,,,,,
,,,,,2203,12.0,12,,,,,,
,,,,,2211,8.0,8,,,,,,
,,,,,2219,8.0,8,,,,,,
,,,,,2228,9.0,9,,,,,,
,,,,,2238,10.0,10,,,,,,
,,,,,2247,9.0,9,,,,,,
,,,,,2256,9.0,9,,,,,,
,,,,,2271,15.0,15,,,,,,
,,,,,2282,11.0,11,,,,,,
,,,,,2292,10.0,10,,,,,,
,,,,,2304,12.0,12,,,,,,
,,,,,2312,8.0,8,,,,,,
,,,,,2322,10.0,10,,,,,,
,,,,,2332,10.0,10,,,,,,
,,,,,2340,8.0,8,,,,,,
,,,,,2350,10.0,10,,,,,,
,,,,,2360,10.0,10,,,,,,
,,,,,2376,16.0,16,,,,,,
,,,,,2387,11.0,11,,,,,,
,,,,,2400,13.0,13,,,,,,
,,,,,2420,20.0,20,,,,,,
,,,,,2430,10.0,10,,,,,,
,,,,,2439,9.0,9,,,,,,
,,,,,2449,10.0,10,,,,,,
,,,,,2458,9.0,9,,,,,,
,,,,,2467,9.0,9,,,,,,
,,,,,2476,9.0,9,,,,,,
,,,,,2494,18.0,18,,,,,,
9.5,0.5,10.0,9.0,9.5,2500,,,0.051377132534980774,1.9968476295471191,2.016964912414551,0.34707871079444885,0.925,0.0005
,,,,,2503,9.0,9,,,,,,
,,,,,2512,9.0,9,,,,,,
,,,,,2526,14.0,14,,,,,,
,,,,,2536,10.0,10,,,,,,
,,,,,2549,13.0,13,,,,,,
,,,,,2560,11.0,11,,,,,,
,,,,,2572,12.0,12,,,,,,
,,,,,2583,11.0,11,,,,,,
,,,,,2595,12.0,12,,,,,,
,,,,,2604,9.0,9,,,,,,
,,,,,2622,18.0,18,,,,,,
,,,,,2632,10.0,10,,,,,,
,,,,,2644,12.0,12,,,,,,
,,,,,2653,9.0,9,,,,,,
,,,,,2666,13.0,13,,,,,,
,,,,,2680,14.0,14,,,,,,
,,,,,2689,9.0,9,,,,,,
,,,,,2699,10.0,10,,,,,,
,,,,,2712,13.0,13,,,,,,
,,,,,2726,14.0,14,,,,,,
,,,,,2735,9.0,9,,,,,,
,,,,,2746,11.0,11,,,,,,
,,,,,2756,10.0,10,,,,,,
,,,,,2770,14.0,14,,,,,,
,,,,,2785,15.0,15,,,,,,
,,,,,2794,9.0,9,,,,,,
,,,,,2810,16.0,16,,,,,,
,,,,,2824,14.0,14,,,,,,
,,,,,2841,17.0,17,,,,,,
,,,,,2849,8.0,8,,,,,,
,,,,,2859,10.0,10,,,,,,
,,,,,2870,11.0,11,,,,,,
,,,,,2878,8.0,8,,,,,,
,,,,,2888,10.0,10,,,,,,
,,,,,2902,14.0,14,,,,,,
,,,,,2912,10.0,10,,,,,,
,,,,,2925,13.0,13,,,,,,
,,,,,2941,16.0,16,,,,,,
,,,,,2951,10.0,10,,,,,,
,,,,,2962,11.0,11,,,,,,
,,,,,2984,22.0,22,,,,,,
,,,,,2993,9.0,9,,,,,,
,,,,,3000,,,0.037966348230838776,1.976485013961792,1.9879294633865356,0.1218746230006218,0.91,0.0005
,,,,,3006,13.0,13,,,,,,
,,,,,3020,14.0,14,,,,,,
,,,,,3029,9.0,9,,,,,,
,,,,,3047,18.0,18,,,,,,
,,,,,3055,8.0,8,,,,,,
,,,,,3064,9.0,9,,,,,,
,,,,,3085,21.0,21,,,,,,
,,,,,3095,10.0,10,,,,,,
,,,,,3104,9.0,9,,,,,,
,,,,,3119,15.0,15,,,,,,
,,,,,3134,15.0,15,,,,,,
,,,,,3148,14.0,14,,,,,,
,,,,,3162,14.0,14,,,,,,
,,,,,3172,10.0,10,,,,,,
,,,,,3185,13.0,13,,,,,,
,,,,,3198,13.0,13,,,,,,
,,,,,3217,19.0,19,,,,,,
,,,,,3226,9.0,9,,,,,,
,,,,,3240,14.0,14,,,,,,
,,,,,3254,14.0,14,,,,,,
,,,,,3271,17.0,17,,,,,,
,,,,,3287,16.0,16,,,,,,
,,,,,3299,12.0,12,,,,,,
,,,,,3312,13.0,13,,,,,,
,,,,,3323,11.0,11,,,,,,
,,,,,3334,11.0,11,,,,,,
,,,,,3351,17.0,17,,,,,,
,,,,,3363,12.0,12,,,,,,
,,,,,3377,14.0,14,,,,,,
,,,,,3391,14.0,14,,,,,,
,,,,,3407,16.0,16,,,,,,
,,,,,3420,13.0,13,,,,,,
,,,,,3437,17.0,17,,,,,,
,,,,,3446,9.0,9,,,,,,
,,,,,3455,9.0,9,,,,,,
,,,,,3466,11.0,11,,,,,,
,,,,,3484,18.0,18,,,,,,
,,,,,3493,9.0,9,,,,,,
,,,,,3506,13.0,13,,,,,,
,,,,,3520,14.0,14,,,,,,
,,,,,3531,11.0,11,,,,,,
,,,,,3544,13.0,13,,,,,,
,,,,,3556,12.0,12,,,,,,
,,,,,3566,10.0,10,,,,,,
,,,,,3576,10.0,10,,,,,,
,,,,,3587,11.0,11,,,,,,
,,,,,3596,9.0,9,,,,,,
,,,,,3609,13.0,13,,,,,,
,,,,,3624,15.0,15,,,,,,
,,,,,3634,10.0,10,,,,,,
,,,,,3645,11.0,11,,,,,,
,,,,,3663,18.0,18,,,,,,
,,,,,3673,10.0,10,,,,,,
,,,,,3683,10.0,10,,,,,,
,,,,,3696,13.0,13,,,,,,
,,,,,3708,12.0,12,,,,,,
,,,,,3719,11.0,11,,,,,,
,,,,,3733,14.0,14,,,,,,
,,,,,3748,15.0,15,,,,,,
,,,,,3758,10.0,10,,,,,,
,,,,,3767,9.0,9,,,,,,
,,,,,3781,14.0,14,,,,,,
,,,,,3798,17.0,17,,,,,,
,,,,,3808,10.0,10,,,,,,
,,,,,3818,10.0,10,,,,,,
,,,,,3832,14.0,14,,,,,,
,,,,,3841,9.0,9,,,,,,
,,,,,3857,16.0,16,,,,,,
,,,,,3867,10.0,10,,,,,,
,,,,,3881,14.0,14,,,,,,
,,,,,3895,14.0,14,,,,,,
,,,,,3908,13.0,13,,,,,,
,,,,,3917,9.0,9,,,,,,
,,,,,3927,10.0,10,,,,,,
,,,,,3941,14.0,14,,,,,,
,,,,,3954,13.0,13,,,,,,
,,,,,3971,17.0,17,,,,,,
,,,,,3980,9.0,9,,,,,,
,,,,,3994,14.0,14,,,,,,
,,,,,4000,,,0.10764098167419434,2.7388534545898438,2.7476086616516113,0.3202728033065796,0.88,0.0005
,,,,,4005,11.0,11,,,,,,
,,,,,4018,13.0,13,,,,,,
,,,,,4035,17.0,17,,,,,,
,,,,,4045,10.0,10,,,,,,
,,,,,4057,12.0,12,,,,,,
,,,,,4070,13.0,13,,,,,,
,,,,,4081,11.0,11,,,,,,
,,,,,4090,9.0,9,,,,,,
,,,,,4100,10.0,10,,,,,,
,,,,,4110,10.0,10,,,,,,
,,,,,4122,12.0,12,,,,,,
,,,,,4131,9.0,9,,,,,,
,,,,,4141,10.0,10,,,,,,
,,,,,4154,13.0,13,,,,,,
,,,,,4163,9.0,9,,,,,,
,,,,,4173,10.0,10,,,,,,
,,,,,4183,10.0,10,,,,,,
,,,,,4192,9.0,9,,,,,,
,,,,,4204,12.0,12,,,,,,
,,,,,4215,11.0,11,,,,,,
,,,,,4224,9.0,9,,,,,,
,,,,,4236,12.0,12,,,,,,
,,,,,4245,9.0,9,,,,,,
,,,,,4255,10.0,10,,,,,,
,,,,,4268,13.0,13,,,,,,
,,,,,4280,12.0,12,,,,,,
,,,,,4289,9.0,9,,,,,,
,,,,,4304,15.0,15,,,,,,
,,,,,4312,8.0,8,,,,,,
,,,,,4323,11.0,11,,,,,,
,,,,,4335,12.0,12,,,,,,
,,,,,4346,11.0,11,,,,,,
,,,,,4360,14.0,14,,,,,,
,,,,,4369,9.0,9,,,,,,
,,,,,4379,10.0,10,,,,,,
,,,,,4394,15.0,15,,,,,,
,,,,,4403,9.0,9,,,,,,
,,,,,4411,8.0,8,,,,,,
,,,,,4420,9.0,9,,,,,,
,,,,,4429,9.0,9,,,,,,
,,,,,4443,14.0,14,,,,,,
,,,,,4452,9.0,9,,,,,,
,,,,,4462,10.0,10,,,,,,
,,,,,4474,12.0,12,,,,,,
,,,,,4490,16.0,16,,,,,,
,,,,,4502,12.0,12,,,,,,
,,,,,4513,11.0,11,,,,,,
,,,,,4522,9.0,9,,,,,,
,,,,,4534,12.0,12,,,,,,
,,,,,4549,15.0,15,,,,,,
,,,,,4560,11.0,11,,,,,,
,,,,,4570,10.0,10,,,,,,
,,,,,4589,19.0,19,,,,,,
,,,,,4598,9.0,9,,,,,,
,,,,,4610,12.0,12,,,,,,
,,,,,4619,9.0,9,,,,,,
,,,,,4631,12.0,12,,,,,,
,,,,,4641,10.0,10,,,,,,
,,,,,4651,10.0,10,,,,,,
,,,,,4661,10.0,10,,,,,,
,,,,,4671,10.0,10,,,,,,
,,,,,4682,11.0,11,,,,,,
,,,,,4691,9.0,9,,,,,,
,,,,,4708,17.0,17,,,,,,
,,,,,4721,13.0,13,,,,,,
,,,,,4738,17.0,17,,,,,,
,,,,,4749,11.0,11,,,,,,
,,,,,4759,10.0,10,,,,,,
,,,,,4769,10.0,10,,,,,,
,,,,,4779,10.0,10,,,,,,
,,,,,4787,8.0,8,,,,,,
,,,,,4798,11.0,11,,,,,,
,,,,,4807,9.0,9,,,,,,
,,,,,4815,8.0,8,,,,,,
,,,,,4827,12.0,12,,,,,,
,,,,,4837,10.0,10,,,,,,
,,,,,4849,12.0,12,,,,,,
,,,,,4859,10.0,10,,,,,,
,,,,,4878,19.0,19,,,,,,
,,,,,4888,10.0,10,,,,,,
,,,,,4904,16.0,16,,,,,,
,,,,,4920,16.0,16,,,,,,
,,,,,4934,14.0,14,,,,,,
,,,,,4943,9.0,9,,,,,,
,,,,,4955,12.0,12,,,,,,
,,,,,4966,11.0,11,,,,,,
,,,,,4982,16.0,16,,,,,,
,,,,,4998,16.0,16,,,,,,
67.3,4.2438188,73.0,61.0,67.3,5000,,,0.10703910887241364,3.602839708328247,3.604677200317383,0.24030537903308868,0.85,0.0005
,,,,,5009,11.0,11,,,,,,
,,,,,5019,10.0,10,,,,,,
,,,,,5029,10.0,10,,,,,,
,,,,,5039,10.0,10,,,,,,
,,,,,5051,12.0,12,,,,,,
,,,,,5064,13.0,13,,,,,,
,,,,,5075,11.0,11,,,,,,
,,,,,5085,10.0,10,,,,,,
,,,,,5100,15.0,15,,,,,,
,,,,,5112,12.0,12,,,,,,
,,,,,5123,11.0,11,,,,,,
,,,,,5134,11.0,11,,,,,,
,,,,,5145,11.0,11,,,,,,
,,,,,5154,9.0,9,,,,,,
,,,,,5169,15.0,15,,,,,,
,,,,,5182,13.0,13,,,,,,
,,,,,5193,11.0,11,,,,,,
,,,,,5205,12.0,12,,,,,,
,,,,,5219,14.0,14,,,,,,
,,,,,5230,11.0,11,,,,,,
,,,,,5240,10.0,10,,,,,,
,,,,,5248,8.0,8,,,,,,
,,,,,5259,11.0,11,,,,,,
,,,,,5270,11.0,11,,,,,,
,,,,,5285,15.0,15,,,,,,
,,,,,5300,15.0,15,,,,,,
,,,,,5311,11.0,11,,,,,,
,,,,,5322,11.0,11,,,,,,
,,,,,5334,12.0,12,,,,,,
,,,,,5351,17.0,17,,,,,,
,,,,,5363,12.0,12,,,,,,
,,,,,5373,10.0,10,,,,,,
,,,,,5384,11.0,11,,,,,,
,,,,,5394,10.0,10,,,,,,
,,,,,5407,13.0,13,,,,,,
,,,,,5419,12.0,12,,,,,,
,,,,,5430,11.0,11,,,,,,
,,,,,5442,12.0,12,,,,,,
,,,,,5454,12.0,12,,,,,,
,,,,,5463,9.0,9,,,,,,
,,,,,5477,14.0,14,,,,,,
,,,,,5488,11.0,11,,,,,,
,,,,,5498,10.0,10,,,,,,
,,,,,5510,12.0,12,,,,,,
,,,,,5518,8.0,8,,,,,,
,,,,,5528,10.0,10,,,,,,
,,,,,5543,15.0,15,,,,,,
,,,,,5554,11.0,11,,,,,,
,,,,,5563,9.0,9,,,,,,
,,,,,5577,14.0,14,,,,,,
,,,,,5592,15.0,15,,,,,,
,,,,,5606,14.0,14,,,,,,
,,,,,5617,11.0,11,,,,,,
,,,,,5627,10.0,10,,,,,,
,,,,,5646,19.0,19,,,,,,
,,,,,5656,10.0,10,,,,,,
,,,,,5666,10.0,10,,,,,,
,,,,,5677,11.0,11,,,,,,
,,,,,5688,11.0,11,,,,,,
,,,,,5699,11.0,11,,,,,,
,,,,,5711,12.0,12,,,,,,
,,,,,5723,12.0,12,,,,,,
,,,,,5737,14.0,14,,,,,,
,,,,,5746,9.0,9,,,,,,
,,,,,5754,8.0,8,,,,,,
,,,,,5764,10.0,10,,,,,,
,,,,,5774,10.0,10,,,,,,
,,,,,5783,9.0,9,,,,,,
,,,,,5794,11.0,11,,,,,,
,,,,,5804,10.0,10,,,,,,
,,,,,5813,9.0,9,,,,,,
,,,,,5826,13.0,13,,,,,,
,,,,,5837,11.0,11,,,,,,
,,,,,5847,10.0,10,,,,,,
,,,,,5860,13.0,13,,,,,,
,,,,,5868,8.0,8,,,,,,
,,,,,5880,12.0,12,,,,,,
,,,,,5890,10.0,10,,,,,,
,,,,,5899,9.0,9,,,,,,
,,,,,5911,12.0,12,,,,,,
,,,,,5923,12.0,12,,,,,,
,,,,,5936,13.0,13,,,,,,
,,,,,5946,10.0,10,,,,,,
,,,,,5955,9.0,9,,,,,,
,,,,,5963,8.0,8,,,,,,
,,,,,5972,9.0,9,,,,,,
,,,,,5980,8.0,8,,,,,,
,,,,,5991,11.0,11,,,,,,
,,,,,6000,9.0,9,,,,,,
,,,,,6000,,,0.07628414034843445,4.336880683898926,4.373653411865234,1.1066014766693115,0.82,0.0005
,,,,,6009,9.0,9,,,,,,
,,,,,6017,8.0,8,,,,,,
,,,,,6028,11.0,11,,,,,,
,,,,,6041,13.0,13,,,,,,
,,,,,6053,12.0,12,,,,,,
,,,,,6064,11.0,11,,,,,,
,,,,,6073,9.0,9,,,,,,
,,,,,6086,13.0,13,,,,,,
,,,,,6096,10.0,10,,,,,,
,,,,,6110,14.0,14,,,,,,
,,,,,6125,15.0,15,,,,,,
,,,,,6136,11.0,11,,,,,,
,,,,,6150,14.0,14,,,,,,
,,,,,6161,11.0,11,,,,,,
,,,,,6172,11.0,11,,,,,,
,,,,,6183,11.0,11,,,,,,
,,,,,6194,11.0,11,,,,,,
,,,,,6203,9.0,9,,,,,,
,,,,,6213,10.0,10,,,,,,
,,,,,6223,10.0,10,,,,,,
,,,,,6232,9.0,9,,,,,,
,,,,,6246,14.0,14,,,,,,
,,,,,6259,13.0,13,,,,,,
,,,,,6267,8.0,8,,,,,,
,,,,,6277,10.0,10,,,,,,
,,,,,6289,12.0,12,,,,,,
,,,,,6301,12.0,12,,,,,,
,,,,,6311,10.0,10,,,,,,
,,,,,6323,12.0,12,,,,,,
,,,,,6335,12.0,12,,,,,,
,,,,,6347,12.0,12,,,,,,
,,,,,6361,14.0,14,,,,,,
,,,,,6369,8.0,8,,,,,,
,,,,,6380,11.0,11,,,,,,
,,,,,6394,14.0,14,,,,,,
,,,,,6414,20.0,20,,,,,,
,,,,,6427,13.0,13,,,,,,
,,,,,6437,10.0,10,,,,,,
,,,,,6452,15.0,15,,,,,,
,,,,,6466,14.0,14,,,,,,
,,,,,6476,10.0,10,,,,,,
,,,,,6485,9.0,9,,,,,,
,,,,,6497,12.0,12,,,,,,
,,,,,6506,9.0,9,,,,,,
,,,,,6519,13.0,13,,,,,,
,,,,,6531,12.0,12,,,,,,
,,,,,6541,10.0,10,,,,,,
,,,,,6551,10.0,10,,,,,,
,,,,,6562,11.0,11,,,,,,
,,,,,6576,14.0,14,,,,,,
,,,,,6586,10.0,10,,,,,,
,,,,,6595,9.0,9,,,,,,
,,,,,6610,15.0,15,,,,,,
,,,,,6618,8.0,8,,,,,,
,,,,,6628,10.0,10,,,,,,
,,,,,6640,12.0,12,,,,,,
,,,,,6652,12.0,12,,,,,,
,,,,,6660,8.0,8,,,,,,
,,,,,6671,11.0,11,,,,,,
,,,,,6683,12.0,12,,,,,,
,,,,,6693,10.0,10,,,,,,
,,,,,6702,9.0,9,,,,,,
,,,,,6714,12.0,12,,,,,,
,,,,,6729,15.0,15,,,,,,
,,,,,6738,9.0,9,,,,,,
,,,,,6750,12.0,12,,,,,,
,,,,,6758,8.0,8,,,,,,
,,,,,6768,10.0,10,,,,,,
,,,,,6778,10.0,10,,,,,,
,,,,,6797,19.0,19,,,,,,
,,,,,6806,9.0,9,,,,,,
,,,,,6815,9.0,9,,,,,,
,,,,,6824,9.0,9,,,,,,
,,,,,6846,22.0,22,,,,,,
,,,,,6860,14.0,14,,,,,,
,,,,,6869,9.0,9,,,,,,
,,,,,6883,14.0,14,,,,,,
,,,,,6891,8.0,8,,,,,,
,,,,,6903,12.0,12,,,,,,
,,,,,6919,16.0,16,,,,,,
,,,,,6933,14.0,14,,,,,,
,,,,,6950,17.0,17,,,,,,
,,,,,6964,14.0,14,,,,,,
,,,,,6979,15.0,15,,,,,,
,,,,,7000,,,0.07029864192008972,4.8523406982421875,4.849766731262207,0.2684148848056793,0.79,0.0005
,,,,,7002,23.0,23,,,,,,
,,,,,7016,14.0,14,,,,,,
,,,,,7028,12.0,12,,,,,,
,,,,,7039,11.0,11,,,,,,
,,,,,7051,12.0,12,,,,,,
,,,,,7063,12.0,12,,,,,,
,,,,,7073,10.0,10,,,,,,
,,,,,7088,15.0,15,,,,,,
,,,,,7097,9.0,9,,,,,,
,,,,,7109,12.0,12,,,,,,
,,,,,7119,10.0,10,,,,,,
,,,,,7129,10.0,10,,,,,,
,,,,,7144,15.0,15,,,,,,
,,,,,7153,9.0,9,,,,,,
,,,,,7166,13.0,13,,,,,,
,,,,,7178,12.0,12,,,,,,
,,,,,7189,11.0,11,,,,,,
,,,,,7200,11.0,11,,,,,,
,,,,,7219,19.0,19,,,,,,
,,,,,7237,18.0,18,,,,,,
,,,,,7245,8.0,8,,,,,,
,,,,,7256,11.0,11,,,,,,
,,,,,7267,11.0,11,,,,,,
,,,,,7279,12.0,12,,,,,,
,,,,,7289,10.0,10,,,,,,
,,,,,7304,15.0,15,,,,,,
,,,,,7315,11.0,11,,,,,,
,,,,,7331,16.0,16,,,,,,
,,,,,7342,11.0,11,,,,,,
,,,,,7353,11.0,11,,,,,,
,,,,,7362,9.0,9,,,,,,
,,,,,7374,12.0,12,,,,,,
,,,,,7384,10.0,10,,,,,,
,,,,,7399,15.0,15,,,,,,
,,,,,7412,13.0,13,,,,,,
,,,,,7432,20.0,20,,,,,,
,,,,,7444,12.0,12,,,,,,
,,,,,7455,11.0,11,,,,,,
,,,,,7466,11.0,11,,,,,,
,,,,,7484,18.0,18,,,,,,
,,,,,7499,15.0,15,,,,,,
83.3,74.182274,197.0,11.0,83.3,7500,,,0.026866767555475235,5.794676780700684,5.816648960113525,0.3824363350868225,0.775,0.0005
,,,,,7513,14.0,14,,,,,,
,,,,,7522,9.0,9,,,,,,
,,,,,7534,12.0,12,,,,,,
,,,,,7543,9.0,9,,,,,,
,,,,,7554,11.0,11,,,,,,
,,,,,7564,10.0,10,,,,,,
,,,,,7574,10.0,10,,,,,,
,,,,,7588,14.0,14,,,,,,
,,,,,7603,15.0,15,,,,,,
,,,,,7613,10.0,10,,,,,,
,,,,,7628,15.0,15,,,,,,
,,,,,7645,17.0,17,,,,,,
,,,,,7656,11.0,11,,,,,,
,,,,,7667,11.0,11,,,,,,
,,,,,7682,15.0,15,,,,,,
,,,,,7693,11.0,11,,,,,,
,,,,,7704,11.0,11,,,,,,
,,,,,7712,8.0,8,,,,,,
,,,,,7722,10.0,10,,,,,,
,,,,,7734,12.0,12,,,,,,
,,,,,7742,8.0,8,,,,,,
,,,,,7751,9.0,9,,,,,,
,,,,,7772,21.0,21,,,,,,
,,,,,7783,11.0,11,,,,,,
,,,,,7792,9.0,9,,,,,,
,,,,,7811,19.0,19,,,,,,
,,,,,7829,18.0,18,,,,,,
,,,,,7840,11.0,11,,,,,,
,,,,,7851,11.0,11,,,,,,
,,,,,7862,11.0,11,,,,,,
,,,,,7879,17.0,17,,,,,,
,,,,,7891,12.0,12,,,,,,
,,,,,7905,14.0,14,,,,,,
,,,,,7919,14.0,14,,,,,,
,,,,,7930,11.0,11,,,,,,
,,,,,7939,9.0,9,,,,,,
,,,,,7949,10.0,10,,,,,,
,,,,,7958,9.0,9,,,,,,
,,,,,7967,9.0,9,,,,,,
,,,,,7977,10.0,10,,,,,,
,,,,,7988,11.0,11,,,,,,
,,,,,7999,11.0,11,,,,,,
,,,,,8000,,,0.03882870823144913,5.585202693939209,5.567994117736816,0.38783586025238037,0.76,0.0005
,,,,,8010,11.0,11,,,,,,
,,,,,8021,11.0,11,,,,,,
,,,,,8031,10.0,10,,,,,,
,,,,,8041,10.0,10,,,,,,
,,,,,8055,14.0,14,,,,,,
,,,,,8064,9.0,9,,,,,,
,,,,,8078,14.0,14,,,,,,
,,,,,8091,13.0,13,,,,,,
,,,,,8101,10.0,10,,,,,,
,,,,,8116,15.0,15,,,,,,
,,,,,8127,11.0,11,,,,,,
,,,,,8139,12.0,12,,,,,,
,,,,,8152,13.0,13,,,,,,
,,,,,8165,13.0,13,,,,,,
,,,,,8174,9.0,9,,,,,,
,,,,,8186,12.0,12,,,,,,
,,,,,8199,13.0,13,,,,,,
,,,,,8213,14.0,14,,,,,,
,,,,,8222,9.0,9,,,,,,
,,,,,8235,13.0,13,,,,,,
,,,,,8247,12.0,12,,,,,,
,,,,,8258,11.0,11,,,,,,
,,,,,8266,8.0,8,,,,,,
,,,,,8285,19.0,19,,,,,,
,,,,,8295,10.0,10,,,,,,
,,,,,8304,9.0,9,,,,,,
,,,,,8316,12.0,12,,,,,,
,,,,,8329,13.0,13,,,,,,
,,,,,8339,10.0,10,,,,,,
,,,,,8349,10.0,10,,,,,,
,,,,,8357,8.0,8,,,,,,
,,,,,8367,10.0,10,,,,,,
,,,,,8378,11.0,11,,,,,,
,,,,,8389,11.0,11,,,,,,
,,,,,8404,15.0,15,,,,,,
,,,,,8415,11.0,11,,,,,,
,,,,,8426,11.0,11,,,,,,
,,,,,8436,10.0,10,,,,,,
,,,,,8446,10.0,10,,,,,,
,,,,,8456,10.0,10,,,,,,
,,,,,8467,11.0,11,,,,,,
,,,,,8486,19.0,19,,,,,,
,,,,,8496,10.0,10,,,,,,
,,,,,8509,13.0,13,,,,,,
,,,,,8521,12.0,12,,,,,,
,,,,,8533,12.0,12,,,,,,
,,,,,8554,21.0,21,,,,,,
,,,,,8566,12.0,12,,,,,,
,,,,,8577,11.0,11,,,,,,
,,,,,8588,11.0,11,,,,,,
,,,,,8601,13.0,13,,,,,,
,,,,,8610,9.0,9,,,,,,
,,,,,8623,13.0,13,,,,,,
,,,,,8636,13.0,13,,,,,,
,,,,,8648,12.0,12,,,,,,
,,,,,8665,17.0,17,,,,,,
,,,,,8678,13.0,13,,,,,,
,,,,,8688,10.0,10,,,,,,
,,,,,8699,11.0,11,,,,,,
,,,,,8715,16.0,16,,,,,,
,,,,,8726,11.0,11,,,,,,
,,,,,8738,12.0,12,,,,,,
,,,,,8747,9.0,9,,,,,,
,,,,,8759,12.0,12,,,,,,
,,,,,8775,16.0,16,,,,,,
,,,,,8787,12.0,12,,,,,,
,,,,,8796,9.0,9,,,,,,
,,,,,8810,14.0,14,,,,,,
,,,,,8823,13.0,13,,,,,,
,,,,,8832,9.0,9,,,,,,
,,,,,8845,13.0,13,,,,,,
,,,,,8855,10.0,10,,,,,,
,,,,,8863,8.0,8,,,,,,
,,,,,8879,16.0,16,,,,,,
,,,,,8899,20.0,20,,,,,,
,,,,,8908,9.0,9,,,,,,
,,,,,8921,13.0,13,,,,,,
,,,,,8933,12.0,12,,,,,,
,,,,,8944,11.0,11,,,,,,
,,,,,8953,9.0,9,,,,,,
,,,,,8964,11.0,11,,,,,,
,,,,,8978,14.0,14,,,,,,
,,,,,8987,9.0,9,,,,,,
,,,,,8996,9.0,9,,,,,,
,,,,,9000,,,0.028787706047296524,6.155108451843262,6.126163482666016,0.45782503485679626,0.73,0.0005
,,,,,9012,16.0,16,,,,,,
,,,,,9027,15.0,15,,,,,,
,,,,,9044,17.0,17,,,,,,
,,,,,9054,10.0,10,,,,,,
,,,,,9063,9.0,9,,,,,,
,,,,,9073,10.0,10,,,,,,
,,,,,9094,21.0,21,,,,,,
,,,,,9105,11.0,11,,,,,,
,,,,,9120,15.0,15,,,,,,
,,,,,9143,23.0,23,,,,,,
,,,,,9155,12.0,12,,,,,,
,,,,,9164,9.0,9,,,,,,
,,,,,9182,18.0,18,,,,,,
,,,,,9193,11.0,11,,,,,,
,,,,,9202,9.0,9,,,,,,
,,,,,9214,12.0,12,,,,,,
,,,,,9230,16.0,16,,,,,,
,,,,,9239,9.0,9,,,,,,
,,,,,9248,9.0,9,,,,,,
,,,,,9257,9.0,9,,,,,,
,,,,,9267,10.0,10,,,,,,
,,,,,9278,11.0,11,,,,,,
,,,,,9292,14.0,14,,,,,,
,,,,,9303,11.0,11,,,,,,
,,,,,9311,8.0,8,,,,,,
,,,,,9321,10.0,10,,,,,,
,,,,,9331,10.0,10,,,,,,
,,,,,9350,19.0,19,,,,,,
,,,,,9368,18.0,18,,,,,,
,,,,,9381,13.0,13,,,,,,
,,,,,9402,21.0,21,,,,,,
,,,,,9418,16.0,16,,,,,,
,,,,,9429,11.0,11,,,,,,
,,,,,9445,16.0,16,,,,,,
,,,,,9455,10.0,10,,,,,,
,,,,,9465,10.0,10,,,,,,
,,,,,9479,14.0,14,,,,,,
,,,,,9494,15.0,15,,,,,,
,,,,,9507,13.0,13,,,,,,
,,,,,9519,12.0,12,,,,,,
,,,,,9530,11.0,11,,,,,,
,,,,,9543,13.0,13,,,,,,
,,,,,9552,9.0,9,,,,,,
,,,,,9566,14.0,14,,,,,,
,,,,,9579,13.0,13,,,,,,
,,,,,9588,9.0,9,,,,,,
,,,,,9598,10.0,10,,,,,,
,,,,,9608,10.0,10,,,,,,
,,,,,9617,9.0,9,,,,,,
,,,,,9628,11.0,11,,,,,,
,,,,,9643,15.0,15,,,,,,
,,,,,9656,13.0,13,,,,,,
,,,,,9668,12.0,12,,,,,,
,,,,,9682,14.0,14,,,,,,
,,,,,9691,9.0,9,,,,,,
,,,,,9703,12.0,12,,,,,,
,,,,,9714,11.0,11,,,,,,
,,,,,9733,19.0,19,,,,,,
,,,,,9745,12.0,12,,,,,,
,,,,,9754,9.0,9,,,,,,
,,,,,9764,10.0,10,,,,,,
,,,,,9791,27.0,27,,,,,,
,,,,,9805,14.0,14,,,,,,
,,,,,9816,11.0,11,,,,,,
,,,,,9827,11.0,11,,,,,,
,,,,,9843,16.0,16,,,,,,
,,,,,9853,10.0,10,,,,,,
,,,,,9867,14.0,14,,,,,,
,,,,,9880,13.0,13,,,,,,
,,,,,9891,11.0,11,,,,,,
,,,,,9901,10.0,10,,,,,,
,,,,,9918,17.0,17,,,,,,
,,,,,9926,8.0,8,,,,,,
,,,,,9938,12.0,12,,,,,,
,,,,,9948,10.0,10,,,,,,
,,,,,9959,11.0,11,,,,,,
,,,,,9971,12.0,12,,,,,,
,,,,,9980,9.0,9,,,,,,
,,,,,9990,10.0,10,,,,,,
326.4,67.75574,500.0,230.0,326.4,10000,,,0.04732304811477661,7.0742082595825195,7.122547149658203,1.0423568487167358,0.7,0.0005
,,,,,10005,15.0,15,,,,,,
,,,,,10032,27.0,27,,,,,,
,,,,,10049,17.0,17,,,,,,
,,,,,10065,16.0,16,,,,,,
,,,,,10084,19.0,19,,,,,,
,,,,,10100,16.0,16,,,,,,
,,,,,10111,11.0,11,,,,,,
,,,,,10129,18.0,18,,,,,,
,,,,,10140,11.0,11,,,,,,
,,,,,10151,11.0,11,,,,,,
,,,,,10161,10.0,10,,,,,,
,,,,,10171,10.0,10,,,,,,
,,,,,10182,11.0,11,,,,,,
,,,,,10195,13.0,13,,,,,,
,,,,,10209,14.0,14,,,,,,
,,,,,10221,12.0,12,,,,,,
,,,,,10231,10.0,10,,,,,,
,,,,,10244,13.0,13,,,,,,
,,,,,10255,11.0,11,,,,,,
,,,,,10265,10.0,10,,,,,,
,,,,,10280,15.0,15,,,,,,
,,,,,10293,13.0,13,,,,,,
,,,,,10306,13.0,13,,,,,,
,,,,,10316,10.0,10,,,,,,
,,,,,10328,12.0,12,,,,,,
,,,,,10340,12.0,12,,,,,,
,,,,,10349,9.0,9,,,,,,
,,,,,10365,16.0,16,,,,,,
,,,,,10380,15.0,15,,,,,,
,,,,,10389,9.0,9,,,,,,
,,,,,10401,12.0,12,,,,,,
,,,,,10423,22.0,22,,,,,,
,,,,,10436,13.0,13,,,,,,
,,,,,10450,14.0,14,,,,,,
,,,,,10465,15.0,15,,,,,,
,,,,,10475,10.0,10,,,,,,
,,,,,10487,12.0,12,,,,,,
,,,,,10497,10.0,10,,,,,,
,,,,,10508,11.0,11,,,,,,
,,,,,10518,10.0,10,,,,,,
,,,,,10530,12.0,12,,,,,,
,,,,,10539,9.0,9,,,,,,
,,,,,10551,12.0,12,,,,,,
,,,,,10564,13.0,13,,,,,,
,,,,,10577,13.0,13,,,,,,
,,,,,10594,17.0,17,,,,,,
,,,,,10608,14.0,14,,,,,,
,,,,,10625,17.0,17,,,,,,
,,,,,10643,18.0,18,,,,,,
,,,,,10657,14.0,14,,,,,,
,,,,,10671,14.0,14,,,,,,
,,,,,10684,13.0,13,,,,,,
,,,,,10699,15.0,15,,,,,,
,,,,,10708,9.0,9,,,,,,
,,,,,10721,13.0,13,,,,,,
,,,,,10734,13.0,13,,,,,,
,,,,,10754,20.0,20,,,,,,
,,,,,10765,11.0,11,,,,,,
,,,,,10774,9.0,9,,,,,,
,,,,,10788,14.0,14,,,,,,
,,,,,10798,10.0,10,,,,,,
,,,,,10808,10.0,10,,,,,,
,,,,,10822,14.0,14,,,,,,
,,,,,10835,13.0,13,,,,,,
,,,,,10843,8.0,8,,,,,,
,,,,,10852,9.0,9,,,,,,
,,,,,10866,14.0,14,,,,,,
,,,,,10882,16.0,16,,,,,,
,,,,,10898,16.0,16,,,,,,
,,,,,10907,9.0,9,,,,,,
,,,,,10918,11.0,11,,,,,,
,,,,,10930,12.0,12,,,,,,
,,,,,10943,13.0,13,,,,,,
,,,,,10955,12.0,12,,,,,,
,,,,,10968,13.0,13,,,,,,
,,,,,10984,16.0,16,,,,,,
,,,,,11000,,,0.01171727105975151,7.229934215545654,7.233124256134033,0.2968825697898865,0.67,0.0005
,,,,,11002,18.0,18,,,,,,
,,,,,11022,20.0,20,,,,,,
,,,,,11041,19.0,19,,,,,,
,,,,,11049,8.0,8,,,,,,
,,,,,11062,13.0,13,,,,,,
,,,,,11076,14.0,14,,,,,,
,,,,,11086,10.0,10,,,,,,
,,,,,11103,17.0,17,,,,,,
,,,,,11116,13.0,13,,,,,,
,,,,,11145,29.0,29,,,,,,
,,,,,11158,13.0,13,,,,,,
,,,,,11174,16.0,16,,,,,,
,,,,,11189,15.0,15,,,,,,
,,,,,11199,10.0,10,,,,,,
,,,,,11214,15.0,15,,,,,,
,,,,,11236,22.0,22,,,,,,
,,,,,11253,17.0,17,,,,,,
,,,,,11265,12.0,12,,,,,,
,,,,,11291,26.0,26,,,,,,
,,,,,11303,12.0,12,,,,,,
,,,,,11317,14.0,14,,,,,,
,,,,,11330,13.0,13,,,,,,
,,,,,11347,17.0,17,,,,,,
,,,,,11363,16.0,16,,,,,,
,,,,,11373,10.0,10,,,,,,
,,,,,11395,22.0,22,,,,,,
,,,,,11408,13.0,13,,,,,,
,,,,,11418,10.0,10,,,,,,
,,,,,11434,16.0,16,,,,,,
,,,,,11443,9.0,9,,,,,,
,,,,,11453,10.0,10,,,,,,
,,,,,11467,14.0,14,,,,,,
,,,,,11481,14.0,14,,,,,,
,,,,,11494,13.0,13,,,,,,
,,,,,11507,13.0,13,,,,,,
,,,,,11518,11.0,11,,,,,,
,,,,,11535,17.0,17,,,,,,
,,,,,11549,14.0,14,,,,,,
,,,,,11558,9.0,9,,,,,,
,,,,,11571,13.0,13,,,,,,
,,,,,11583,12.0,12,,,,,,
,,,,,11595,12.0,12,,,,,,
,,,,,11604,9.0,9,,,,,,
,,,,,11616,12.0,12,,,,,,
,,,,,11637,21.0,21,,,,,,
,,,,,11655,18.0,18,,,,,,
,,,,,11670,15.0,15,,,,,,
,,,,,11686,16.0,16,,,,,,
,,,,,11704,18.0,18,,,,,,
,,,,,11721,17.0,17,,,,,,
,,,,,11735,14.0,14,,,,,,
,,,,,11743,8.0,8,,,,,,
,,,,,11756,13.0,13,,,,,,
,,,,,11769,13.0,13,,,,,,
,,,,,11782,13.0,13,,,,,,
,,,,,11793,11.0,11,,,,,,
,,,,,11818,25.0,25,,,,,,
,,,,,11828,10.0,10,,,,,,
,,,,,11841,13.0,13,,,,,,
,,,,,11855,14.0,14,,,,,,
,,,,,11869,14.0,14,,,,,,
,,,,,11879,10.0,10,,,,,,
,,,,,11890,11.0,11,,,,,,
,,,,,11909,19.0,19,,,,,,
,,,,,11925,16.0,16,,,,,,
,,,,,11940,15.0,15,,,,,,
,,,,,11950,10.0,10,,,,,,
,,,,,11960,10.0,10,,,,,,
,,,,,11985,25.0,25,,,,,,
,,,,,12000,15.0,15,,,,,,
,,,,,12000,,,0.044035207480192184,8.170795440673828,8.164693832397461,0.5669923424720764,0.6399999999999999,0.0005
,,,,,12013,13.0,13,,,,,,
,,,,,12025,12.0,12,,,,,,
,,,,,12040,15.0,15,,,,,,
,,,,,12062,22.0,22,,,,,,
,,,,,12085,23.0,23,,,,,,
,,,,,12097,12.0,12,,,,,,
,,,,,12109,12.0,12,,,,,,
,,,,,12122,13.0,13,,,,,,
,,,,,12132,10.0,10,,,,,,
,,,,,12148,16.0,16,,,,,,
,,,,,12162,14.0,14,,,,,,
,,,,,12172,10.0,10,,,,,,
,,,,,12182,10.0,10,,,,,,
,,,,,12199,17.0,17,,,,,,
,,,,,12213,14.0,14,,,,,,
,,,,,12225,12.0,12,,,,,,
,,,,,12247,22.0,22,,,,,,
,,,,,12267,20.0,20,,,,,,
,,,,,12281,14.0,14,,,,,,
,,,,,12290,9.0,9,,,,,,
,,,,,12304,14.0,14,,,,,,
,,,,,12316,12.0,12,,,,,,
,,,,,12337,21.0,21,,,,,,
,,,,,12349,12.0,12,,,,,,
,,,,,12361,12.0,12,,,,,,
,,,,,12370,9.0,9,,,,,,
,,,,,12381,11.0,11,,,,,,
,,,,,12396,15.0,15,,,,,,
,,,,,12409,13.0,13,,,,,,
,,,,,12454,45.0,45,,,,,,
,,,,,12463,9.0,9,,,,,,
,,,,,12478,15.0,15,,,,,,
,,,,,12488,10.0,10,,,,,,
,,,,,12497,9.0,9,,,,,,
321.2,95.06924,500.0,191.0,321.2,12500,,,0.011898274533450603,8.678276062011719,8.68193531036377,0.29503846168518066,0.625,0.0005
,,,,,12507,10.0,10,,,,,,
,,,,,12523,16.0,16,,,,,,
,,,,,12532,9.0,9,,,,,,
,,,,,12549,17.0,17,,,,,,
,,,,,12571,22.0,22,,,,,,
,,,,,12585,14.0,14,,,,,,
,,,,,12602,17.0,17,,,,,,
,,,,,12610,8.0,8,,,,,,
,,,,,12619,9.0,9,,,,,,
,,,,,12630,11.0,11,,,,,,
,,,,,12662,32.0,32,,,,,,
,,,,,12676,14.0,14,,,,,,
,,,,,12690,14.0,14,,,,,,
,,,,,12700,10.0,10,,,,,,
,,,,,12719,19.0,19,,,,,,
,,,,,12746,27.0,27,,,,,,
,,,,,12762,16.0,16,,,,,,
,,,,,12779,17.0,17,,,,,,
,,,,,12802,23.0,23,,,,,,
,,,,,12816,14.0,14,,,,,,
,,,,,12825,9.0,9,,,,,,
,,,,,12843,18.0,18,,,,,,
,,,,,12854,11.0,11,,,,,,
,,,,,12868,14.0,14,,,,,,
,,,,,12882,14.0,14,,,,,,
,,,,,12899,17.0,17,,,,,,
,,,,,12914,15.0,15,,,,,,
,,,,,12937,23.0,23,,,,,,
,,,,,12956,19.0,19,,,,,,
,,,,,12968,12.0,12,,,,,,
,,,,,12986,18.0,18,,,,,,
,,,,,12996,10.0,10,,,,,,
,,,,,13000,,,0.013868184760212898,9.04366683959961,9.049360275268555,0.1415988653898239,0.61,0.0005
,,,,,13005,9.0,9,,,,,,
,,,,,13020,15.0,15,,,,,,
,,,,,13049,29.0,29,,,,,,
,,,,,13064,15.0,15,,,,,,
,,,,,13088,24.0,24,,,,,,
,,,,,13100,12.0,12,,,,,,
,,,,,13110,10.0,10,,,,,,
,,,,,13126,16.0,16,,,,,,
,,,,,13146,20.0,20,,,,,,
,,,,,13157,11.0,11,,,,,,
,,,,,13169,12.0,12,,,,,,
,,,,,13196,27.0,27,,,,,,
,,,,,13223,27.0,27,,,,,,
,,,,,13255,32.0,32,,,,,,
,,,,,13272,17.0,17,,,,,,
,,,,,13284,12.0,12,,,,,,
,,,,,13298,14.0,14,,,,,,
,,,,,13312,14.0,14,,,,,,
,,,,,13330,18.0,18,,,,,,
,,,,,13359,29.0,29,,,,,,
,,,,,13392,33.0,33,,,,,,
,,,,,13405,13.0,13,,,,,,
,,,,,13415,10.0,10,,,,,,
,,,,,13427,12.0,12,,,,,,
,,,,,13436,9.0,9,,,,,,
,,,,,13451,15.0,15,,,,,,
,,,,,13464,13.0,13,,,,,,
,,,,,13474,10.0,10,,,,,,
,,,,,13486,12.0,12,,,,,,
,,,,,13498,12.0,12,,,,,,
,,,,,13518,20.0,20,,,,,,
,,,,,13544,26.0,26,,,,,,
,,,,,13564,20.0,20,,,,,,
,,,,,13586,22.0,22,,,,,,
,,,,,13599,13.0,13,,,,,,
,,,,,13622,23.0,23,,,,,,
,,,,,13641,19.0,19,,,,,,
,,,,,13653,12.0,12,,,,,,
,,,,,13666,13.0,13,,,,,,
,,,,,13714,48.0,48,,,,,,
,,,,,13729,15.0,15,,,,,,
,,,,,13751,22.0,22,,,,,,
,,,,,13768,17.0,17,,,,,,
,,,,,13790,22.0,22,,,,,,
,,,,,13800,10.0,10,,,,,,
,,,,,13836,36.0,36,,,,,,
,,,,,13848,12.0,12,,,,,,
,,,,,13865,17.0,17,,,,,,
,,,,,13884,19.0,19,,,,,,
,,,,,13898,14.0,14,,,,,,
,,,,,13908,10.0,10,,,,,,
,,,,,13925,17.0,17,,,,,,
,,,,,13947,22.0,22,,,,,,
,,,,,13963,16.0,16,,,,,,
,,,,,13973,10.0,10,,,,,,
,,,,,13985,12.0,12,,,,,,
,,,,,14000,,,0.011206867173314095,9.774225234985352,9.805976867675781,0.7054949998855591,0.58,0.0005
,,,,,14001,16.0,16,,,,,,
,,,,,14028,27.0,27,,,,,,
,,,,,14062,34.0,34,,,,,,
,,,,,14071,9.0,9,,,,,,
,,,,,14093,22.0,22,,,,,,
,,,,,14111,18.0,18,,,,,,
,,,,,14120,9.0,9,,,,,,
,,,,,14133,13.0,13,,,,,,
,,,,,14148,15.0,15,,,,,,
,,,,,14171,23.0,23,,,,,,
,,,,,14189,18.0,18,,,,,,
,,,,,14201,12.0,12,,,,,,
,,,,,14211,10.0,10,,,,,,
,,,,,14231,20.0,20,,,,,,
,,,,,14251,20.0,20,,,,,,
,,,,,14268,17.0,17,,,,,,
,,,,,14280,12.0,12,,,,,,
,,,,,14293,13.0,13,,,,,,
,,,,,14306,13.0,13,,,,,,
,,,,,14316,10.0,10,,,,,,
,,,,,14325,9.0,9,,,,,,
,,,,,14343,18.0,18,,,,,,
,,,,,14368,25.0,25,,,,,,
,,,,,14415,47.0,47,,,,,,
,,,,,14428,13.0,13,,,,,,
,,,,,14437,9.0,9,,,,,,
,,,,,14450,13.0,13,,,,,,
,,,,,14477,27.0,27,,,,,,
,,,,,14496,19.0,19,,,,,,
,,,,,14508,12.0,12,,,,,,
,,,,,14538,30.0,30,,,,,,
,,,,,14549,11.0,11,,,,,,
,,,,,14558,9.0,9,,,,,,
,,,,,14567,9.0,9,,,,,,
,,,,,14584,17.0,17,,,,,,
,,,,,14597,13.0,13,,,,,,
,,,,,14617,20.0,20,,,,,,
,,,,,14651,34.0,34,,,,,,
,,,,,14660,9.0,9,,,,,,
,,,,,14689,29.0,29,,,,,,
,,,,,14703,14.0,14,,,,,,
,,,,,14713,10.0,10,,,,,,
,,,,,14731,18.0,18,,,,,,
,,,,,14748,17.0,17,,,,,,
,,,,,14761,13.0,13,,,,,,
,,,,,14772,11.0,11,,,,,,
,,,,,14787,15.0,15,,,,,,
,,,,,14825,38.0,38,,,,,,
,,,,,14836,11.0,11,,,,,,
,,,,,14878,42.0,42,,,,,,
,,,,,14892,14.0,14,,,,,,
,,,,,14932,40.0,40,,,,,,
,,,,,14953,21.0,21,,,,,,
,,,,,14972,19.0,19,,,,,,
,,,,,15000,28.0,28,,,,,,
267.9,29.405613,334.0,231.0,267.9,15000,,,0.03668639808893204,10.092000961303711,10.087984085083008,0.495812326669693,0.55,0.0005
,,,,,15019,19.0,19,,,,,,
,,,,,15031,12.0,12,,,,,,
,,,,,15046,15.0,15,,,,,,
,,,,,15059,13.0,13,,,,,,
,,,,,15091,32.0,32,,,,,,
,,,,,15103,12.0,12,,,,,,
,,,,,15114,11.0,11,,,,,,
,,,,,15128,14.0,14,,,,,,
,,,,,15157,29.0,29,,,,,,
,,,,,15167,10.0,10,,,,,,
,,,,,15181,14.0,14,,,,,,
,,,,,15210,29.0,29,,,,,,
,,,,,15233,23.0,23,,,,,,
,,,,,15249,16.0,16,,,,,,
,,,,,15266,17.0,17,,,,,,
,,,,,15284,18.0,18,,,,,,
,,,,,15296,12.0,12,,,,,,
,,,,,15310,14.0,14,,,,,,
,,,,,15329,19.0,19,,,,,,
,,,,,15344,15.0,15,,,,,,
,,,,,15358,14.0,14,,,,,,
,,,,,15389,31.0,31,,,,,,
,,,,,15411,22.0,22,,,,,,
,,,,,15421,10.0,10,,,,,,
,,,,,15433,12.0,12,,,,,,
,,,,,15447,14.0,14,,,,,,
,,,,,15462,15.0,15,,,,,,
,,,,,15497,35.0,35,,,,,,
,,,,,15526,29.0,29,,,,,,
,,,,,15540,14.0,14,,,,,,
,,,,,15552,12.0,12,,,,,,
,,,,,15566,14.0,14,,,,,,
,,,,,15578,12.0,12,,,,,,
,,,,,15594,16.0,16,,,,,,
,,,,,15632,38.0,38,,,,,,
,,,,,15652,20.0,20,,,,,,
,,,,,15664,12.0,12,,,,,,
,,,,,15685,21.0,21,,,,,,
,,,,,15702,17.0,17,,,,,,
,,,,,15717,15.0,15,,,,,,
,,,,,15755,38.0,38,,,,,,
,,,,,15767,12.0,12,,,,,,
,,,,,15782,15.0,15,,,,,,
,,,,,15809,27.0,27,,,,,,
,,,,,15825,16.0,16,,,,,,
,,,,,15849,24.0,24,,,,,,
,,,,,15866,17.0,17,,,,,,
,,,,,15883,17.0,17,,,,,,
,,,,,15922,39.0,39,,,,,,
,,,,,15949,27.0,27,,,,,,
,,,,,16000,,,0.011787722818553448,9.839427947998047,9.845769882202148,0.27351176738739014,0.52,0.0005
,,,,,16008,59.0,59,,,,,,
,,,,,16024,16.0,16,,,,,,
,,,,,16038,14.0,14,,,,,,
,,,,,16054,16.0,16,,,,,,
,,,,,16075,21.0,21,,,,,,
,,,,,16093,18.0,18,,,,,,
,,,,,16119,26.0,26,,,,,,
,,,,,16134,15.0,15,,,,,,
,,,,,16152,18.0,18,,,,,,
,,,,,16169,17.0,17,,,,,,
,,,,,16181,12.0,12,,,,,,
,,,,,16200,19.0,19,,,,,,
,,,,,16241,41.0,41,,,,,,
,,,,,16262,21.0,21,,,,,,
,,,,,16277,15.0,15,,,,,,
,,,,,16290,13.0,13,,,,,,
,,,,,16331,41.0,41,,,,,,
,,,,,16368,37.0,37,,,,,,
,,,,,16392,24.0,24,,,,,,
,,,,,16412,20.0,20,,,,,,
,,,,,16426,14.0,14,,,,,,
,,,,,16440,14.0,14,,,,,,
,,,,,16458,18.0,18,,,,,,
,,,,,16505,47.0,47,,,,,,
,,,,,16517,12.0,12,,,,,,
,,,,,16530,13.0,13,,,,,,
,,,,,16542,12.0,12,,,,,,
,,,,,16573,31.0,31,,,,,,
,,,,,16584,11.0,11,,,,,,
,,,,,16632,48.0,48,,,,,,
,,,,,16657,25.0,25,,,,,,
,,,,,16669,12.0,12,,,,,,
,,,,,16690,21.0,21,,,,,,
,,,,,16715,25.0,25,,,,,,
,,,,,16770,55.0,55,,,,,,
,,,,,16789,19.0,19,,,,,,
,,,,,16854,65.0,65,,,,,,
,,,,,16866,12.0,12,,,,,,
,,,,,16890,24.0,24,,,,,,
,,,,,16917,27.0,27,,,,,,
,,,,,16934,17.0,17,,,,,,
,,,,,16944,10.0,10,,,,,,
,,,,,16978,34.0,34,,,,,,
,,,,,17000,,,0.015065203420817852,11.739914894104004,11.77125358581543,0.9132981896400452,0.49,0.0005
,,,,,17037,59.0,59,,,,,,
,,,,,17060,23.0,23,,,,,,
,,,,,17076,16.0,16,,,,,,
,,,,,17095,19.0,19,,,,,,
,,,,,17110,15.0,15,,,,,,
,,,,,17129,19.0,19,,,,,,
,,,,,17150,21.0,21,,,,,,
,,,,,17167,17.0,17,,,,,,
,,,,,17188,21.0,21,,,,,,
,,,,,17202,14.0,14,,,,,,
,,,,,17225,23.0,23,,,,,,
,,,,,17235,10.0,10,,,,,,
,,,,,17264,29.0,29,,,,,,
,,,,,17284,20.0,20,,,,,,
,,,,,17318,34.0,34,,,,,,
,,,,,17347,29.0,29,,,,,,
,,,,,17361,14.0,14,,,,,,
,,,,,17383,22.0,22,,,,,,
,,,,,17404,21.0,21,,,,,,
,,,,,17426,22.0,22,,,,,,
,,,,,17439,13.0,13,,,,,,
,,,,,17461,22.0,22,,,,,,
,,,,,17473,12.0,12,,,,,,
,,,,,17487,14.0,14,,,,,,
136.1,8.275868,149.0,121.0,136.1,17500,,,0.013225150294601917,12.206674575805664,12.200103759765625,0.32236799597740173,0.475,0.0005
,,,,,17514,27.0,27,,,,,,
,,,,,17529,15.0,15,,,,,,
,,,,,17540,11.0,11,,,,,,
,,,,,17585,45.0,45,,,,,,
,,,,,17619,34.0,34,,,,,,
,,,,,17636,17.0,17,,,,,,
,,,,,17680,44.0,44,,,,,,
,,,,,17697,17.0,17,,,,,,
,,,,,17719,22.0,22,,,,,,
,,,,,17734,15.0,15,,,,,,
,,,,,17748,14.0,14,,,,,,
,,,,,17763,15.0,15,,,,,,
,,,,,17782,19.0,19,,,,,,
,,,,,17798,16.0,16,,,,,,
,,,,,17825,27.0,27,,,,,,
,,,,,17856,31.0,31,,,,,,
,,,,,17882,26.0,26,,,,,,
,,,,,17895,13.0,13,,,,,,
,,,,,17951,56.0,56,,,,,,
,,,,,17975,24.0,24,,,,,,
,,,,,17992,17.0,17,,,,,,
,,,,,18000,,,0.009566877037286758,12.596567153930664,12.596858978271484,0.4385890066623688,0.45999999999999996,0.0005
,,,,,18002,10.0,10,,,,,,
,,,,,18029,27.0,27,,,,,,
,,,,,18045,16.0,16,,,,,,
,,,,,18088,43.0,43,,,,,,
,,,,,18104,16.0,16,,,,,,
,,,,,18119,15.0,15,,,,,,
,,,,,18179,60.0,60,,,,,,
,,,,,18201,22.0,22,,,,,,
,,,,,18244,43.0,43,,,,,,
,,,,,18277,33.0,33,,,,,,
,,,,,18296,19.0,19,,,,,,
,,,,,18317,21.0,21,,,,,,
,,,,,18372,55.0,55,,,,,,
,,,,,18389,17.0,17,,,,,,
,,,,,18413,24.0,24,,,,,,
,,,,,18458,45.0,45,,,,,,
,,,,,18485,27.0,27,,,,,,
,,,,,18513,28.0,28,,,,,,
,,,,,18544,31.0,31,,,,,,
,,,,,18573,29.0,29,,,,,,
,,,,,18585,12.0,12,,,,,,
,,,,,18672,87.0,87,,,,,,
,,,,,18704,32.0,32,,,,,,
,,,,,18730,26.0,26,,,,,,
,,,,,18808,78.0,78,,,,,,
,,,,,18842,34.0,34,,,,,,
,,,,,18852,10.0,10,,,,,,
,,,,,18867,15.0,15,,,,,,
,,,,,18880,13.0,13,,,,,,
,,,,,18913,33.0,33,,,,,,
,,,,,18949,36.0,36,,,,,,
,,,,,18966,17.0,17,,,,,,
,,,,,18978,12.0,12,,,,,,
,,,,,18999,21.0,21,,,,,,
,,,,,19000,,,0.017871487885713577,13.065281867980957,13.094555854797363,0.6523829698562622,0.43000000000000005,0.0005
,,,,,19033,34.0,34,,,,,,
,,,,,19055,22.0,22,,,,,,
,,,,,19067,12.0,12,,,,,,
,,,,,19089,22.0,22,,,,,,
,,,,,19106,17.0,17,,,,,,
,,,,,19128,22.0,22,,,,,,
,,,,,19153,25.0,25,,,,,,
,,,,,19213,60.0,60,,,,,,
,,,,,19227,14.0,14,,,,,,
,,,,,19259,32.0,32,,,,,,
,,,,,19273,14.0,14,,,,,,
,,,,,19294,21.0,21,,,,,,
,,,,,19313,19.0,19,,,,,,
,,,,,19331,18.0,18,,,,,,
,,,,,19366,35.0,35,,,,,,
,,,,,19390,24.0,24,,,,,,
,,,,,19432,42.0,42,,,,,,
,,,,,19476,44.0,44,,,,,,
,,,,,19504,28.0,28,,,,,,
,,,,,19521,17.0,17,,,,,,
,,,,,19572,51.0,51,,,,,,
,,,,,19600,28.0,28,,,,,,
,,,,,19620,20.0,20,,,,,,
,,,,,19632,12.0,12,,,,,,
,,,,,19656,24.0,24,,,,,,
,,,,,19669,13.0,13,,,,,,
,,,,,19686,17.0,17,,,,,,
,,,,,19708,22.0,22,,,,,,
,,,,,19808,100.0,100,,,,,,
,,,,,19822,14.0,14,,,,,,
,,,,,19842,20.0,20,,,,,,
,,,,,19858,16.0,16,,,,,,
,,,,,19875,17.0,17,,,,,,
,,,,,19899,24.0,24,,,,,,
,,,,,19930,31.0,31,,,,,,
,,,,,19960,30.0,30,,,,,,
,,,,,19971,11.0,11,,,,,,
,,,,,19989,18.0,18,,,,,,
138.5,10.828204,159.0,121.0,138.5,20000,,,0.12775897979736328,13.221168518066406,13.245071411132812,2.1984121799468994,0.4,0.0005
,,,,,20005,16.0,16,,,,,,
,,,,,20024,19.0,19,,,,,,
,,,,,20053,29.0,29,,,,,,
,,,,,20074,21.0,21,,,,,,
,,,,,20094,20.0,20,,,,,,
,,,,,20112,18.0,18,,,,,,
,,,,,20178,66.0,66,,,,,,
,,,,,20198,20.0,20,,,,,,
,,,,,20283,85.0,85,,,,,,
,,,,,20311,28.0,28,,,,,,
,,,,,20332,21.0,21,,,,,,
,,,,,20345,13.0,13,,,,,,
,,,,,20401,56.0,56,,,,,,
,,,,,20411,10.0,10,,,,,,
,,,,,20512,101.0,101,,,,,,
,,,,,20529,17.0,17,,,,,,
,,,,,20565,36.0,36,,,,,,
,,,,,20635,70.0,70,,,,,,
,,,,,20665,30.0,30,,,,,,
,,,,,20684,19.0,19,,,,,,
,,,,,20694,10.0,10,,,,,,
,,,,,20708,14.0,14,,,,,,
,,,,,20800,92.0,92,,,,,,
,,,,,20813,13.0,13,,,,,,
,,,,,20838,25.0,25,,,,,,
,,,,,20919,81.0,81,,,,,,
,,,,,20955,36.0,36,,,,,,
,,,,,20966,11.0,11,,,,,,
,,,,,20976,10.0,10,,,,,,
,,,,,21000,,,0.02038874663412571,14.215868949890137,14.189477920532227,1.4246004819869995,0.37,0.0005
,,,,,21005,29.0,29,,,,,,
,,,,,21033,28.0,28,,,,,,
,,,,,21066,33.0,33,,,,,,
,,,,,21190,124.0,124,,,,,,
,,,,,21214,24.0,24,,,,,,
,,,,,21237,23.0,23,,,,,,
,,,,,21270,33.0,33,,,,,,
,,,,,21313,43.0,43,,,,,,
,,,,,21346,33.0,33,,,,,,
,,,,,21388,42.0,42,,,,,,
,,,,,21410,22.0,22,,,,,,
,,,,,21439,29.0,29,,,,,,
,,,,,21503,64.0,64,,,,,,
,,,,,21516,13.0,13,,,,,,
,,,,,21532,16.0,16,,,,,,
,,,,,21548,16.0,16,,,,,,
,,,,,21597,49.0,49,,,,,,
,,,,,21661,64.0,64,,,,,,
,,,,,21675,14.0,14,,,,,,
,,,,,21803,128.0,128,,,,,,
,,,,,21821,18.0,18,,,,,,
,,,,,21838,17.0,17,,,,,,
,,,,,21868,30.0,30,,,,,,
,,,,,21890,22.0,22,,,,,,
,,,,,21997,107.0,107,,,,,,
,,,,,22000,,,0.12276463210582733,15.208778381347656,15.172896385192871,1.0769329071044922,0.3400000000000001,0.0005
,,,,,22010,13.0,13,,,,,,
,,,,,22027,17.0,17,,,,,,
,,,,,22061,34.0,34,,,,,,
,,,,,22122,61.0,61,,,,,,
,,,,,22207,85.0,85,,,,,,
,,,,,22267,60.0,60,,,,,,
,,,,,22293,26.0,26,,,,,,
,,,,,22399,106.0,106,,,,,,
,,,,,22441,42.0,42,,,,,,
175.8,12.765579,200.0,159.0,175.8,22500,,,0.013648973777890205,16.51457977294922,16.505332946777344,0.8215479850769043,0.32499999999999996,0.0005
,,,,,22504,63.0,63,,,,,,
,,,,,22524,20.0,20,,,,,,
,,,,,22602,78.0,78,,,,,,
,,,,,22647,45.0,45,,,,,,
,,,,,22667,20.0,20,,,,,,
,,,,,22747,80.0,80,,,,,,
,,,,,22851,104.0,104,,,,,,
,,,,,22882,31.0,31,,,,,,
,,,,,22915,33.0,33,,,,,,
,,,,,23000,,,0.13481244444847107,15.906881332397461,15.870920181274414,2.4317760467529297,0.30999999999999994,0.0005
,,,,,23091,176.0,176,,,,,,
,,,,,23158,67.0,67,,,,,,
,,,,,23259,101.0,101,,,,,,
,,,,,23298,39.0,39,,,,,,
,,,,,23352,54.0,54,,,,,,
,,,,,23385,33.0,33,,,,,,
,,,,,23450,65.0,65,,,,,,
,,,,,23535,85.0,85,,,,,,
,,,,,23704,169.0,169,,,,,,
,,,,,23779,75.0,75,,,,,,
,,,,,23791,12.0,12,,,,,,
,,,,,23835,44.0,44,,,,,,
,,,,,23954,119.0,119,,,,,,
,,,,,24000,,,0.1138354167342186,16.10137176513672,16.077869415283203,1.6754440069198608,0.2799999999999999,0.0005
,,,,,24017,63.0,63,,,,,,
,,,,,24054,37.0,37,,,,,,
,,,,,24211,157.0,157,,,,,,
,,,,,24350,139.0,139,,,,,,
,,,,,24456,106.0,106,,,,,,
,,,,,24532,76.0,76,,,,,,
,,,,,24587,55.0,55,,,,,,
,,,,,24732,145.0,145,,,,,,
,,,,,24926,194.0,194,,,,,,
,,,,,24937,11.0,11,,,,,,
143.8,5.963221,155.0,135.0,143.8,25000,,,0.01477925293147564,17.15831184387207,17.13968276977539,1.4221880435943604,0.25,0.0005
,,,,,25032,95.0,95,,,,,,
,,,,,25159,127.0,127,,,,,,
,,,,,25304,145.0,145,,,,,,
,,,,,25336,32.0,32,,,,,,
,,,,,25465,129.0,129,,,,,,
,,,,,25657,192.0,192,,,,,,
,,,,,25707,50.0,50,,,,,,
,,,,,25925,218.0,218,,,,,,
,,,,,26000,,,0.03240031749010086,18.321142196655273,18.36979866027832,2.4160029888153076,0.21999999999999997,0.0005
,,,,,26130,205.0,205,,,,,,
,,,,,26397,267.0,267,,,,,,
,,,,,26419,22.0,22,,,,,,
,,,,,26590,171.0,171,,,,,,
,,,,,26730,140.0,140,,,,,,
,,,,,26744,14.0,14,,,,,,
,,,,,26896,152.0,152,,,,,,
,,,,,27000,,,0.0293283574283123,19.0352783203125,19.051362991333008,1.2113081216812134,0.18999999999999995,0.0005
,,,,,27054,158.0,158,,,,,,
,,,,,27184,130.0,130,,,,,,
,,,,,27447,263.0,263,,,,,,
452.4,100.56958,500.0,154.0,452.4,27500,,,3.7561326026916504,20.184452056884766,19.971534729003906,3.17309308052063,0.17500000000000004,0.0005
,,,,,27665,218.0,218,,,,,,
,,,,,28000,,,0.016769591718912125,19.35314178466797,19.317171096801758,1.3815934658050537,0.15999999999999992,0.0005
,,,,,28165,500.0,500,,,,,,
,,,,,28665,500.0,500,,,,,,
,,,,,29000,,,0.04924573749303818,19.96341323852539,19.979686737060547,1.2562943696975708,0.13,0.0005
,,,,,29165,500.0,500,,,,,,
,,,,,29665,500.0,500,,,,,,
500.0,0.0,500.0,500.0,500.0,30000,,,0.019969528540968895,20.760780334472656,20.763935089111328,0.5131295919418335,0.1,0.0005
,,,,,30165,500.0,500,,,,,,
,,,,,30363,198.0,198,,,,,,
,,,,,30579,216.0,216,,,,,,
,,,,,31000,,,0.042131587862968445,21.328174591064453,21.325523376464844,0.7383686304092407,0.09733333333333334,0.0005
,,,,,31079,500.0,500,,,,,,
,,,,,31247,168.0,168,,,,,,
,,,,,31429,182.0,182,,,,,,
,,,,,31594,165.0,165,,,,,,
,,,,,32000,,,0.06440755724906921,22.813873291015625,22.863380432128906,3.093533992767334,0.09466666666666668,0.0005
,,,,,32094,500.0,500,,,,,,
,,,,,32244,150.0,150,,,,,,
,,,,,32399,155.0,155,,,,,,
136.3,3.0675724,142.0,132.0,136.3,32500,,,0.02187936007976532,24.098255157470703,24.106170654296875,0.5831692218780518,0.09333333333333334,0.0005
,,,,,32557,158.0,158,,,,,,
,,,,,32702,145.0,145,,,,,,
,,,,,32961,259.0,259,,,,,,
,,,,,33000,,,0.026476889848709106,22.90168571472168,22.936153411865234,1.2924541234970093,0.092,0.0005
,,,,,33159,198.0,198,,,,,,
,,,,,33319,160.0,160,,,,,,
,,,,,33490,171.0,171,,,,,,
,,,,,33627,137.0,137,,,,,,
,,,,,33762,135.0,135,,,,,,
,,,,,33895,133.0,133,,,,,,
,,,,,34000,,,0.027312662452459335,23.97350311279297,23.976831436157227,1.9074416160583496,0.08933333333333333,0.0005
,,,,,34025,130.0,130,,,,,,
,,,,,34157,132.0,132,,,,,,
,,,,,34300,143.0,143,,,,,,
,,,,,34427,127.0,127,,,,,,
,,,,,34570,143.0,143,,,,,,
,,,,,34690,120.0,120,,,,,,
,,,,,34838,148.0,148,,,,,,
,,,,,34979,141.0,141,,,,,,
129.3,2.4919872,134.0,126.0,129.3,35000,,,0.09322737157344818,27.155296325683594,27.271564483642578,3.2716546058654785,0.08666666666666667,0.0005
,,,,,35120,141.0,141,,,,,,
,,,,,35257,137.0,137,,,,,,
,,,,,35379,122.0,122,,,,,,
,,,,,35513,134.0,134,,,,,,
,,,,,35631,118.0,118,,,,,,
,,,,,35767,136.0,136,,,,,,
,,,,,35907,140.0,140,,,,,,
,,,,,36000,,,0.028407081961631775,26.83223533630371,26.804256439208984,2.2461047172546387,0.084,0.0005
,,,,,36036,129.0,129,,,,,,
,,,,,36175,139.0,139,,,,,,
,,,,,36190,15.0,15,,,,,,
,,,,,36327,137.0,137,,,,,,
,,,,,36461,134.0,134,,,,,,
,,,,,36614,153.0,153,,,,,,
,,,,,36767,153.0,153,,,,,,
,,,,,36896,129.0,129,,,,,,
,,,,,36960,64.0,64,,,,,,
,,,,,37000,,,0.10012663900852203,27.52383041381836,27.5399169921875,1.2283473014831543,0.08133333333333334,0.0005
,,,,,37090,130.0,130,,,,,,
,,,,,37251,161.0,161,,,,,,
,,,,,37400,149.0,149,,,,,,
181.7,12.868956,199.0,163.0,181.7,37500,,,0.08557765185832977,25.886085510253906,25.948291778564453,4.197061061859131,0.08,0.0005
,,,,,37572,172.0,172,,,,,,
,,,,,37714,142.0,142,,,,,,
,,,,,37876,162.0,162,,,,,,
,,,,,38000,,,5.220955848693848,26.62017822265625,26.51195526123047,9.039834022521973,0.07866666666666668,0.0005
,,,,,38079,203.0,203,,,,,,
,,,,,38255,176.0,176,,,,,,
,,,,,38388,133.0,133,,,,,,
,,,,,38539,151.0,151,,,,,,
,,,,,38682,143.0,143,,,,,,
,,,,,38848,166.0,166,,,,,,
,,,,,38990,142.0,142,,,,,,
,,,,,39000,,,0.1296890676021576,27.746906280517578,27.840614318847656,3.7757174968719482,0.07600000000000001,0.0005
,,,,,39191,201.0,201,,,,,,
,,,,,39375,184.0,184,,,,,,
,,,,,39549,174.0,174,,,,,,
,,,,,39716,167.0,167,,,,,,
,,,,,39881,165.0,165,,,,,,
155.5,6.545991,164.0,140.0,155.5,40000,,,4.595927715301514,29.797534942626953,29.63726043701172,6.028988838195801,0.07333333333333333,0.0005
,,,,,40064,183.0,183,,,,,,
,,,,,40258,194.0,194,,,,,,
,,,,,40553,295.0,295,,,,,,
,,,,,40791,238.0,238,,,,,,
,,,,,41000,,,0.22237704694271088,28.35363006591797,28.404382705688477,3.9788005352020264,0.07066666666666667,0.0005
,,,,,41036,245.0,245,,,,,,
,,,,,41223,187.0,187,,,,,,
,,,,,41414,191.0,191,,,,,,
,,,,,41644,230.0,230,,,,,,
,,,,,41857,213.0,213,,,,,,
,,,,,42000,,,0.08278965204954147,29.137104034423828,29.170276641845703,2.0609192848205566,0.068,0.0005
,,,,,42174,317.0,317,,,,,,
,,,,,42448,274.0,274,,,,,,
192.0,14.785128,225.0,169.0,192.0,42500,,,5.795107364654541,31.383220672607422,31.15591049194336,12.217379570007324,0.06666666666666668,0.0005
,,,,,42611,163.0,163,,,,,,
,,,,,42798,187.0,187,,,,,,
,,,,,42959,161.0,161,,,,,,
,,,,,43000,,,0.11164241284132004,30.964115142822266,31.05718231201172,5.643360137939453,0.06533333333333333,0.0005
,,,,,43143,184.0,184,,,,,,
,,,,,43304,161.0,161,,,,,,
,,,,,43469,165.0,165,,,,,,
,,,,,43635,166.0,166,,,,,,
,,,,,43807,172.0,172,,,,,,
,,,,,43965,158.0,158,,,,,,
,,,,,44000,,,0.10191552340984344,29.65719985961914,29.74737548828125,3.429809808731079,0.06266666666666668,0.0005
,,,,,44143,178.0,178,,,,,,
,,,,,44308,165.0,165,,,,,,
,,,,,44517,209.0,209,,,,,,
,,,,,44676,159.0,159,,,,,,
,,,,,44732,56.0,56,,,,,,
,,,,,44958,226.0,226,,,,,,
149.9,6.057227,163.0,143.0,149.9,45000,,,0.17735525965690613,31.900680541992188,31.92888641357422,4.833339214324951,0.060000000000000005,0.0005
,,,,,45121,163.0,163,,,,,,
,,,,,45289,168.0,168,,,,,,
,,,,,45439,150.0,150,,,,,,
,,,,,45593,154.0,154,,,,,,
,,,,,45760,167.0,167,,,,,,
,,,,,45919,159.0,159,,,,,,
,,,,,46000,,,0.16240422427654266,33.092769622802734,33.16255187988281,4.982976913452148,0.05733333333333334,0.0005
,,,,,46083,164.0,164,,,,,,
,,,,,46230,147.0,147,,,,,,
,,,,,46372,142.0,142,,,,,,
,,,,,46554,182.0,182,,,,,,
,,,,,46718,164.0,164,,,,,,
,,,,,46870,152.0,152,,,,,,
,,,,,47000,,,0.19301056861877441,32.549713134765625,32.51692199707031,2.258507013320923,0.054666666666666676,0.0005
,,,,,47026,156.0,156,,,,,,
,,,,,47197,171.0,171,,,,,,
,,,,,47296,99.0,99,,,,,,
,,,,,47440,144.0,144,,,,,,
148.1,5.2239833,157.0,140.0,148.1,47500,,,0.14174184203147888,32.17780303955078,32.15777587890625,6.383656978607178,0.05333333333333334,0.0005
,,,,,47616,176.0,176,,,,,,
,,,,,47762,146.0,146,,,,,,
,,,,,47912,150.0,150,,,,,,
,,,,,48000,,,0.15786045789718628,32.00851058959961,32.02326965332031,3.961705446243286,0.052000000000000005,0.0005
,,,,,48073,161.0,161,,,,,,
,,,,,48235,162.0,162,,,,,,
,,,,,48386,151.0,151,,,,,,
,,,,,48563,177.0,177,,,,,,
,,,,,48716,153.0,153,,,,,,
,,,,,48871,155.0,155,,,,,,
,,,,,49000,,,0.30077609419822693,33.22378921508789,33.198097229003906,5.912814617156982,0.04933333333333334,0.0005
,,,,,49005,134.0,134,,,,,,
,,,,,49158,153.0,153,,,,,,
,,,,,49223,65.0,65,,,,,,
,,,,,49375,152.0,152,,,,,,
,,,,,49539,164.0,164,,,,,,
,,,,,49576,37.0,37,,,,,,
,,,,,49721,145.0,145,,,,,,
,,,,,49888,167.0,167,,,,,,
168.0,10.411532,190.0,154.0,168.0,50000,,,0.16022425889968872,31.610736846923828,31.694236755371094,4.01505708694458,0.046666666666666676,0.0005
,,,,,50039,151.0,151,,,,,,
,,,,,50199,160.0,160,,,,,,
,,,,,50360,161.0,161,,,,,,
,,,,,50503,143.0,143,,,,,,
,,,,,50642,139.0,139,,,,,,
,,,,,50803,161.0,161,,,,,,
,,,,,50946,143.0,143,,,,,,
,,,,,51000,,,8.089990615844727,36.424930572509766,36.01088333129883,32.48018264770508,0.04400000000000001,0.0005
,,,,,51086,140.0,140,,,,,,
,,,,,51234,148.0,148,,,,,,
,,,,,51377,143.0,143,,,,,,
,,,,,51533,156.0,156,,,,,,
,,,,,51682,149.0,149,,,,,,
,,,,,51825,143.0,143,,,,,,
,,,,,51968,143.0,143,,,,,,
,,,,,52000,,,3.377368450164795,34.30779266357422,34.27361297607422,9.081900596618652,0.04133333333333334,0.0005
,,,,,52115,147.0,147,,,,,,
,,,,,52260,145.0,145,,,,,,
,,,,,52421,161.0,161,,,,,,
146.6,7.7999997,157.0,133.0,146.6,52500,,,6.036977767944336,37.452728271484375,37.2176399230957,24.908206939697266,0.04000000000000001,0.0005
,,,,,52573,152.0,152,,,,,,
,,,,,52733,160.0,160,,,,,,
,,,,,52879,146.0,146,,,,,,
,,,,,52923,44.0,44,,,,,,
,,,,,53000,,,0.10744600743055344,37.44068145751953,37.53185272216797,6.814429759979248,0.03866666666666667,0.0005
,,,,,53084,161.0,161,,,,,,
,,,,,53230,146.0,146,,,,,,
,,,,,53384,154.0,154,,,,,,
,,,,,53538,154.0,154,,,,,,
,,,,,53698,160.0,160,,,,,,
,,,,,53829,131.0,131,,,,,,
,,,,,53986,157.0,157,,,,,,
,,,,,54000,,,2.7942278385162354,38.717987060546875,38.507896423339844,10.191104888916016,0.036000000000000004,0.0005
,,,,,54125,139.0,139,,,,,,
,,,,,54271,146.0,146,,,,,,
,,,,,54403,132.0,132,,,,,,
,,,,,54546,143.0,143,,,,,,
,,,,,54685,139.0,139,,,,,,
,,,,,54821,136.0,136,,,,,,
,,,,,54960,139.0,139,,,,,,
138.5,8.868484,159.0,128.0,138.5,55000,,,6.191777229309082,38.23407745361328,38.0481071472168,23.35226821899414,0.03333333333333334,0.0005
,,,,,55097,137.0,137,,,,,,
,,,,,55239,142.0,142,,,,,,
,,,,,55382,143.0,143,,,,,,
,,,,,55510,128.0,128,,,,,,
,,,,,55650,140.0,140,,,,,,
,,,,,55711,61.0,61,,,,,,
,,,,,55840,129.0,129,,,,,,
,,,,,55988,148.0,148,,,,,,
,,,,,56000,,,0.930211067199707,39.999725341796875,39.89467239379883,25.328777313232422,0.03066666666666666,0.0005
,,,,,56128,140.0,140,,,,,,
,,,,,56261,133.0,133,,,,,,
,,,,,56402,141.0,141,,,,,,
,,,,,56532,130.0,130,,,,,,
,,,,,56594,62.0,62,,,,,,
,,,,,56666,72.0,72,,,,,,
,,,,,56813,147.0,147,,,,,,
,,,,,56944,131.0,131,,,,,,
,,,,,57000,,,0.16730564832687378,39.177772521972656,39.26610565185547,6.171359539031982,0.027999999999999997,0.0005
,,,,,57079,135.0,135,,,,,,
,,,,,57213,134.0,134,,,,,,
,,,,,57359,146.0,146,,,,,,
,,,,,57498,139.0,139,,,,,,
144.5,5.60803,154.0,137.0,144.5,57500,,,5.15092134475708,40.10369110107422,39.956947326660156,21.35440444946289,0.026666666666666672,0.0005
,,,,,57642,144.0,144,,,,,,
,,,,,57771,129.0,129,,,,,,
,,,,,57900,129.0,129,,,,,,
,,,,,58000,,,6.41182804107666,41.289794921875,41.095420837402344,23.22987174987793,0.025333333333333333,0.0005
,,,,,58045,145.0,145,,,,,,
,,,,,58179,134.0,134,,,,,,
,,,,,58327,148.0,148,,,,,,
,,,,,58461,134.0,134,,,,,,
,,,,,58595,134.0,134,,,,,,
,,,,,58750,155.0,155,,,,,,
,,,,,58890,140.0,140,,,,,,
,,,,,59000,,,0.14802753925323486,39.24629211425781,39.299774169921875,3.8435990810394287,0.02266666666666667,0.0005
,,,,,59024,134.0,134,,,,,,
,,,,,59156,132.0,132,,,,,,
,,,,,59287,131.0,131,,,,,,
,,,,,59408,121.0,121,,,,,,
,,,,,59544,136.0,136,,,,,,
,,,,,59689,145.0,145,,,,,,
,,,,,59813,124.0,124,,,,,,
,,,,,59935,122.0,122,,,,,,
135.8,9.008883,147.0,121.0,135.8,60000,,,0.11490117013454437,42.47200012207031,42.523223876953125,5.929853439331055,0.02,0.0005
,,,,,60074,139.0,139,,,,,,
,,,,,60231,157.0,157,,,,,,
,,,,,60382,151.0,151,,,,,,
,,,,,60509,127.0,127,,,,,,
,,,,,60667,158.0,158,,,,,,
,,,,,60806,139.0,139,,,,,,
,,,,,60951,145.0,145,,,,,,
,,,,,61000,,,0.09993842244148254,39.23229217529297,39.22185134887695,4.214965343475342,0.02,0.0005
,,,,,61096,145.0,145,,,,,,
,,,,,61227,131.0,131,,,,,,
,,,,,61379,152.0,152,,,,,,
,,,,,61522,143.0,143,,,,,,
,,,,,61634,112.0,112,,,,,,
,,,,,61780,146.0,146,,,,,,
,,,,,61910,130.0,130,,,,,,
,,,,,62000,,,0.11848419904708862,42.369293212890625,42.342247009277344,6.001952648162842,0.02,0.0005
,,,,,62040,130.0,130,,,,,,
,,,,,62170,130.0,130,,,,,,
,,,,,62295,125.0,125,,,,,,
,,,,,62436,141.0,141,,,,,,
130.4,7.017122,142.0,117.0,130.4,62500,,,0.14055144786834717,43.06624221801758,42.96607971191406,6.21422815322876,0.02,0.0005
,,,,,62566,130.0,130,,,,,,
,,,,,62706,140.0,140,,,,,,
,,,,,62833,127.0,127,,,,,,
,,,,,62956,123.0,123,,,,,,
,,,,,63000,,,0.09592443704605103,42.593849182128906,42.637603759765625,3.992427110671997,0.02,0.0005
,,,,,63093,137.0,137,,,,,,
,,,,,63214,121.0,121,,,,,,
,,,,,63351,137.0,137,,,,,,
,,,,,63478,127.0,127,,,,,,
,,,,,63612,134.0,134,,,,,,
,,,,,63747,135.0,135,,,,,,
,,,,,63863,116.0,116,,,,,,
,,,,,63977,114.0,114,,,,,,
,,,,,64000,,,4.517125129699707,41.42617416381836,41.24602508544922,42.30341720581055,0.02,0.0005
,,,,,64100,123.0,123,,,,,,
,,,,,64232,132.0,132,,,,,,
,,,,,64353,121.0,121,,,,,,
,,,,,64364,11.0,11,,,,,,
,,,,,64476,112.0,112,,,,,,
,,,,,64580,104.0,104,,,,,,
,,,,,64695,115.0,115,,,,,,
,,,,,64801,106.0,106,,,,,,
,,,,,64926,125.0,125,,,,,,
130.0,9.262829,147.0,119.0,130.0,65000,,,0.0877394825220108,42.29676055908203,42.32144546508789,4.447063446044922,0.02,0.0005
,,,,,65049,123.0,123,,,,,,
,,,,,65170,121.0,121,,,,,,
,,,,,65278,108.0,108,,,,,,
,,,,,65400,122.0,122,,,,,,
,,,,,65513,113.0,113,,,,,,
,,,,,65631,118.0,118,,,,,,
,,,,,65745,114.0,114,,,,,,
,,,,,65857,112.0,112,,,,,,
,,,,,65966,109.0,109,,,,,,
,,,,,66000,,,0.19452247023582458,43.734764099121094,43.795684814453125,9.850845336914062,0.02,0.0005
,,,,,66077,111.0,111,,,,,,
,,,,,66183,106.0,106,,,,,,
,,,,,66297,114.0,114,,,,,,
,,,,,66410,113.0,113,,,,,,
,,,,,66513,103.0,103,,,,,,
,,,,,66618,105.0,105,,,,,,
,,,,,66725,107.0,107,,,,,,
,,,,,66833,108.0,108,,,,,,
,,,,,66940,107.0,107,,,,,,
,,,,,67000,,,0.3003068268299103,43.456199645996094,43.46442413330078,9.837455749511719,0.02,0.0005
,,,,,67046,106.0,106,,,,,,
,,,,,67155,109.0,109,,,,,,
,,,,,67268,113.0,113,,,,,,
,,,,,67393,125.0,125,,,,,,
110.5,2.5787594,114.0,105.0,110.5,67500,,,0.16953319311141968,44.54503631591797,44.54570007324219,3.1796205043792725,0.02,0.0005
,,,,,67502,109.0,109,,,,,,
,,,,,67611,109.0,109,,,,,,
,,,,,67726,115.0,115,,,,,,
,,,,,67835,109.0,109,,,,,,
,,,,,67941,106.0,106,,,,,,
,,,,,68000,,,0.08654773980379105,44.92308807373047,44.91472625732422,6.124234676361084,0.02,0.0005
,,,,,68048,107.0,107,,,,,,
,,,,,68159,111.0,111,,,,,,
,,,,,68273,114.0,114,,,,,,
,,,,,68380,107.0,107,,,,,,
,,,,,68495,115.0,115,,,,,,
,,,,,68605,110.0,110,,,,,,
,,,,,68713,108.0,108,,,,,,
,,,,,68823,110.0,110,,,,,,
,,,,,68930,107.0,107,,,,,,
,,,,,69000,,,4.33176851272583,43.436126708984375,43.204345703125,36.6856803894043,0.02,0.0005
,,,,,69041,111.0,111,,,,,,
,,,,,69160,119.0,119,,,,,,
,,,,,69275,115.0,115,,,,,,
,,,,,69384,109.0,109,,,,,,
,,,,,69500,116.0,116,,,,,,
,,,,,69609,109.0,109,,,,,,
,,,,,69730,121.0,121,,,,,,
,,,,,69846,116.0,116,,,,,,
,,,,,69959,113.0,113,,,,,,
109.4,1.8000001,112.0,107.0,109.4,70000,,,0.08305397629737854,43.85730743408203,43.8807487487793,2.91174578666687,0.02,0.0005
,,,,,70067,108.0,108,,,,,,
,,,,,70193,126.0,126,,,,,,
,,,,,70304,111.0,111,,,,,,
,,,,,70424,120.0,120,,,,,,
,,,,,70538,114.0,114,,,,,,
,,,,,70656,118.0,118,,,,,,
,,,,,70768,112.0,112,,,,,,
,,,,,70889,121.0,121,,,,,,
,,,,,71000,,,0.4370560944080353,45.60456085205078,45.742156982421875,12.133598327636719,0.02,0.0005
,,,,,71008,119.0,119,,,,,,
,,,,,71120,112.0,112,,,,,,
,,,,,71232,112.0,112,,,,,,
,,,,,71342,110.0,110,,,,,,
,,,,,71458,116.0,116,,,,,,
,,,,,71564,106.0,106,,,,,,
,,,,,71677,113.0,113,,,,,,
,,,,,71792,115.0,115,,,,,,
,,,,,71901,109.0,109,,,,,,
,,,,,72000,,,0.22150544822216034,46.769775390625,46.8476676940918,8.412895202636719,0.02,0.0005
,,,,,72013,112.0,112,,,,,,
,,,,,72124,111.0,111,,,,,,
,,,,,72244,120.0,120,,,,,,
,,,,,72356,112.0,112,,,,,,
,,,,,72477,121.0,121,,,,,,
105.3,1.7916473,108.0,103.0,105.3,72500,,,0.7755688428878784,45.908504486083984,46.00520324707031,19.423723220825195,0.02,0.0005
,,,,,72588,111.0,111,,,,,,
,,,,,72709,121.0,121,,,,,,
,,,,,72821,112.0,112,,,,,,
,,,,,72932,111.0,111,,,,,,
,,,,,73000,,,6.794000148773193,45.27116394042969,44.96833801269531,15.966741561889648,0.02,0.0005
,,,,,73054,122.0,122,,,,,,
,,,,,73170,116.0,116,,,,,,
,,,,,73286,116.0,116,,,,,,
,,,,,73408,122.0,122,,,,,,
,,,,,73517,109.0,109,,,,,,
,,,,,73631,114.0,114,,,,,,
,,,,,73747,116.0,116,,,,,,
,,,,,73860,113.0,113,,,,,,
,,,,,73973,113.0,113,,,,,,
,,,,,74000,,,0.20586656033992767,45.825408935546875,45.800418853759766,13.250892639160156,0.02,0.0005
,,,,,74080,107.0,107,,,,,,
,,,,,74197,117.0,117,,,,,,
,,,,,74308,111.0,111,,,,,,
,,,,,74420,112.0,112,,,,,,
,,,,,74538,118.0,118,,,,,,
,,,,,74648,110.0,110,,,,,,
,,,,,74758,110.0,110,,,,,,
,,,,,74861,103.0,103,,,,,,
,,,,,74971,110.0,110,,,,,,
123.3,4.495553,128.0,116.0,123.3,75000,,,0.3975979685783386,43.68349838256836,43.64259338378906,7.614391803741455,0.02,0.0005
,,,,,75081,110.0,110,,,,,,
,,,,,75194,113.0,113,,,,,,
,,,,,75309,115.0,115,,,,,,
,,,,,75421,112.0,112,,,,,,
,,,,,75528,107.0,107,,,,,,
,,,,,75641,113.0,113,,,,,,
,,,,,75754,113.0,113,,,,,,
,,,,,75864,110.0,110,,,,,,
,,,,,75973,109.0,109,,,,,,
,,,,,76000,,,0.4561308026313782,48.3939323425293,48.40601348876953,17.72722816467285,0.02,0.0005
,,,,,76085,112.0,112,,,,,,
,,,,,76198,113.0,113,,,,,,
,,,,,76307,109.0,109,,,,,,
,,,,,76420,113.0,113,,,,,,
,,,,,76535,115.0,115,,,,,,
,,,,,76645,110.0,110,,,,,,
,,,,,76754,109.0,109,,,,,,
,,,,,76866,112.0,112,,,,,,
,,,,,76987,121.0,121,,,,,,
,,,,,77000,,,0.31634870171546936,47.422183990478516,47.437137603759766,4.230752944946289,0.02,0.0005
,,,,,77095,108.0,108,,,,,,
,,,,,77214,119.0,119,,,,,,
,,,,,77320,106.0,106,,,,,,
,,,,,77431,111.0,111,,,,,,
107.9,1.1357816,109.0,106.0,107.9,77500,,,0.323426753282547,46.55897521972656,46.50273132324219,11.370862007141113,0.02,0.0005
,,,,,77553,122.0,122,,,,,,
,,,,,77667,114.0,114,,,,,,
,,,,,77775,108.0,108,,,,,,
,,,,,77888,113.0,113,,,,,,
,,,,,77998,110.0,110,,,,,,
,,,,,78000,,,1.0059994459152222,47.43603515625,47.32685852050781,8.570196151733398,0.02,0.0005
,,,,,78107,109.0,109,,,,,,
,,,,,78216,109.0,109,,,,,,
,,,,,78330,114.0,114,,,,,,
,,,,,78436,106.0,106,,,,,,
,,,,,78548,112.0,112,,,,,,
,,,,,78655,107.0,107,,,,,,
,,,,,78772,117.0,117,,,,,,
,,,,,78887,115.0,115,,,,,,
,,,,,78989,102.0,102,,,,,,
,,,,,79000,,,0.15761105716228485,49.36398696899414,49.36198806762695,9.605685234069824,0.02,0.0005
,,,,,79095,106.0,106,,,,,,
,,,,,79207,112.0,112,,,,,,
,,,,,79317,110.0,110,,,,,,
,,,,,79427,110.0,110,,,,,,
,,,,,79535,108.0,108,,,,,,
,,,,,79642,107.0,107,,,,,,
,,,,,79754,112.0,112,,,,,,
,,,,,79863,109.0,109,,,,,,
,,,,,79977,114.0,114,,,,,,
107.8,2.5612497,112.0,104.0,107.8,80000,,,0.21136417984962463,48.43700408935547,48.482017517089844,15.43142032623291,0.02,0.0005
,,,,,80085,108.0,108,,,,,,
,,,,,80193,108.0,108,,,,,,
,,,,,80302,109.0,109,,,,,,
,,,,,80413,111.0,111,,,,,,
,,,,,80532,119.0,119,,,,,,
,,,,,80639,107.0,107,,,,,,
,,,,,80754,115.0,115,,,,,,
,,,,,80856,102.0,102,,,,,,
,,,,,80965,109.0,109,,,,,,
,,,,,81000,,,0.42467576265335083,46.662193298339844,46.662330627441406,6.000842571258545,0.02,0.0005
,,,,,81074,109.0,109,,,,,,
,,,,,81187,113.0,113,,,,,,
,,,,,81296,109.0,109,,,,,,
,,,,,81418,122.0,122,,,,,,
,,,,,81533,115.0,115,,,,,,
,,,,,81646,113.0,113,,,,,,
,,,,,81751,105.0,105,,,,,,
,,,,,81860,109.0,109,,,,,,
,,,,,81956,96.0,96,,,,,,
,,,,,82000,,,0.6340605020523071,48.00336456298828,48.037593841552734,14.0594482421875,0.02,0.0005
,,,,,82066,110.0,110,,,,,,
,,,,,82172,106.0,106,,,,,,
,,,,,82283,111.0,111,,,,,,
,,,,,82396,113.0,113,,,,,,
106.5,2.376973,110.0,103.0,106.5,82500,,,0.10468724370002747,47.067230224609375,47.08613586425781,2.345290422439575,0.02,0.0005
,,,,,82506,110.0,110,,,,,,
,,,,,82611,105.0,105,,,,,,
,,,,,82722,111.0,111,,,,,,
,,,,,82830,108.0,108,,,,,,
,,,,,82939,109.0,109,,,,,,
,,,,,83000,,,0.13256508111953735,49.93099594116211,49.98735046386719,2.685948610305786,0.02,0.0005
,,,,,83048,109.0,109,,,,,,
,,,,,83156,108.0,108,,,,,,
,,,,,83266,110.0,110,,,,,,
,,,,,83378,112.0,112,,,,,,
,,,,,83485,107.0,107,,,,,,
,,,,,83604,119.0,119,,,,,,
,,,,,83710,106.0,106,,,,,,
,,,,,83816,106.0,106,,,,,,
,,,,,83927,111.0,111,,,,,,
,,,,,84000,,,0.12830469012260437,49.23703384399414,49.270381927490234,3.774914026260376,0.02,0.0005
,,,,,84041,114.0,114,,,,,,
,,,,,84145,104.0,104,,,,,,
,,,,,84243,98.0,98,,,,,,
,,,,,84347,104.0,104,,,,,,
,,,,,84455,108.0,108,,,,,,
,,,,,84563,108.0,108,,,,,,
,,,,,84678,115.0,115,,,,,,
,,,,,84784,106.0,106,,,,,,
,,,,,84882,98.0,98,,,,,,
106.6,2.2891047,111.0,103.0,106.6,85000,,,0.5933777689933777,49.02332305908203,49.07294464111328,9.330102920532227,0.02,0.0005
,,,,,85001,119.0,119,,,,,,
,,,,,85112,111.0,111,,,,,,
,,,,,85123,11.0,11,,,,,,
,,,,,85235,112.0,112,,,,,,
,,,,,85353,118.0,118,,,,,,
,,,,,85476,123.0,123,,,,,,
,,,,,85590,114.0,114,,,,,,
,,,,,85696,106.0,106,,,,,,
,,,,,85791,95.0,95,,,,,,
,,,,,85908,117.0,117,,,,,,
,,,,,86000,,,0.3260025382041931,50.028785705566406,49.982879638671875,7.3374505043029785,0.02,0.0005
,,,,,86011,103.0,103,,,,,,
,,,,,86125,114.0,114,,,,,,
,,,,,86223,98.0,98,,,,,,
,,,,,86325,102.0,102,,,,,,
,,,,,86438,113.0,113,,,,,,
,,,,,86552,114.0,114,,,,,,
,,,,,86673,121.0,121,,,,,,
,,,,,86786,113.0,113,,,,,,
,,,,,86887,101.0,101,,,,,,
,,,,,86986,99.0,99,,,,,,
,,,,,87000,,,0.17883296310901642,47.33027648925781,47.34668731689453,5.146069526672363,0.02,0.0005
,,,,,87094,108.0,108,,,,,,
,,,,,87193,99.0,99,,,,,,
,,,,,87296,103.0,103,,,,,,
,,,,,87409,113.0,113,,,,,,
95.0,2.0976176,98.0,91.0,95.0,87500,,,0.12982816994190216,51.98963165283203,51.87297058105469,8.519672393798828,0.02,0.0005
,,,,,87507,98.0,98,,,,,,
,,,,,87619,112.0,112,,,,,,
,,,,,87727,108.0,108,,,,,,
,,,,,87845,118.0,118,,,,,,
,,,,,87957,112.0,112,,,,,,
,,,,,88000,,,0.4192115366458893,50.18684387207031,50.205284118652344,17.961463928222656,0.02,0.0005
,,,,,88063,106.0,106,,,,,,
,,,,,88167,104.0,104,,,,,,
,,,,,88284,117.0,117,,,,,,
,,,,,88389,105.0,105,,,,,,
,,,,,88502,113.0,113,,,,,,
,,,,,88617,115.0,115,,,,,,
,,,,,88723,106.0,106,,,,,,
,,,,,88833,110.0,110,,,,,,
,,,,,88950,117.0,117,,,,,,
,,,,,89000,,,0.329030305147171,51.20039367675781,51.1741943359375,10.376933097839355,0.02,0.0005
,,,,,89062,112.0,112,,,,,,
,,,,,89175,113.0,113,,,,,,
,,,,,89283,108.0,108,,,,,,
,,,,,89396,113.0,113,,,,,,
,,,,,89507,111.0,111,,,,,,
,,,,,89628,121.0,121,,,,,,
,,,,,89736,108.0,108,,,,,,
,,,,,89838,102.0,102,,,,,,
,,,,,89944,106.0,106,,,,,,
108.2,2.0396078,113.0,105.0,108.2,90000,,,0.10726191848516464,50.757415771484375,50.77728271484375,9.124850273132324,0.02,0.0005
,,,,,90053,109.0,109,,,,,,
,,,,,90160,107.0,107,,,,,,
,,,,,90272,112.0,112,,,,,,
,,,,,90375,103.0,103,,,,,,
,,,,,90479,104.0,104,,,,,,
,,,,,90591,112.0,112,,,,,,
,,,,,90704,113.0,113,,,,,,
,,,,,90813,109.0,109,,,,,,
,,,,,90920,107.0,107,,,,,,
,,,,,91000,,,0.34269583225250244,51.86882781982422,51.96057891845703,30.02205467224121,0.02,0.0005
,,,,,91028,108.0,108,,,,,,
,,,,,91139,111.0,111,,,,,,
,,,,,91243,104.0,104,,,,,,
,,,,,91355,112.0,112,,,,,,
,,,,,91464,109.0,109,,,,,,
,,,,,91577,113.0,113,,,,,,
,,,,,91687,110.0,110,,,,,,
,,,,,91798,111.0,111,,,,,,
,,,,,91916,118.0,118,,,,,,
,,,,,92000,,,2.3459455966949463,50.48748779296875,50.35670471191406,35.115699768066406,0.02,0.0005
,,,,,92025,109.0,109,,,,,,
,,,,,92136,111.0,111,,,,,,
,,,,,92247,111.0,111,,,,,,
,,,,,92260,13.0,13,,,,,,
,,,,,92363,103.0,103,,,,,,
,,,,,92477,114.0,114,,,,,,
111.1,2.0712316,114.0,107.0,111.1,92500,,,0.5741589665412903,48.217567443847656,48.17509078979492,7.3985161781311035,0.02,0.0005
,,,,,92581,104.0,104,,,,,,
,,,,,92690,109.0,109,,,,,,
,,,,,92803,113.0,113,,,,,,
,,,,,92914,111.0,111,,,,,,
,,,,,93000,,,0.32375675439834595,49.47401428222656,49.50347900390625,8.324989318847656,0.02,0.0005
,,,,,93021,107.0,107,,,,,,
,,,,,93128,107.0,107,,,,,,
,,,,,93239,111.0,111,,,,,,
,,,,,93349,110.0,110,,,,,,
,,,,,93455,106.0,106,,,,,,
,,,,,93470,15.0,15,,,,,,
,,,,,93570,100.0,100,,,,,,
,,,,,93677,107.0,107,,,,,,
,,,,,93786,109.0,109,,,,,,
,,,,,93891,105.0,105,,,,,,
,,,,,94000,,,0.17927776277065277,51.30784606933594,51.30039978027344,7.833688735961914,0.02,0.0005
,,,,,94005,114.0,114,,,,,,
,,,,,94108,103.0,103,,,,,,
,,,,,94220,112.0,112,,,,,,
,,,,,94330,110.0,110,,,,,,
,,,,,94434,104.0,104,,,,,,
,,,,,94544,110.0,110,,,,,,
,,,,,94559,15.0,15,,,,,,
,,,,,94669,110.0,110,,,,,,
,,,,,94781,112.0,112,,,,,,
,,,,,94892,111.0,111,,,,,,
109.0,2.828427,114.0,105.0,109.0,95000,,,0.2887232303619385,54.2978515625,54.2166633605957,15.901884078979492,0.02,0.0005
,,,,,95005,113.0,113,,,,,,
,,,,,95111,106.0,106,,,,,,
,,,,,95213,102.0,102,,,,,,
,,,,,95325,112.0,112,,,,,,
,,,,,95439,114.0,114,,,,,,
,,,,,95550,111.0,111,,,,,,
,,,,,95657,107.0,107,,,,,,
,,,,,95770,113.0,113,,,,,,
,,,,,95878,108.0,108,,,,,,
,,,,,95992,114.0,114,,,,,,
,,,,,96000,,,0.24060139060020447,50.19612121582031,50.193763732910156,4.6828155517578125,0.02,0.0005
,,,,,96101,109.0,109,,,,,,
,,,,,96208,107.0,107,,,,,,
,,,,,96313,105.0,105,,,,,,
,,,,,96426,113.0,113,,,,,,
,,,,,96540,114.0,114,,,,,,
,,,,,96647,107.0,107,,,,,,
,,,,,96754,107.0,107,,,,,,
,,,,,96862,108.0,108,,,,,,
,,,,,96970,108.0,108,,,,,,
,,,,,97000,,,0.3623935580253601,52.14887237548828,52.042598724365234,12.131421089172363,0.02,0.0005
,,,,,97079,109.0,109,,,,,,
,,,,,97188,109.0,109,,,,,,
,,,,,97299,111.0,111,,,,,,
,,,,,97404,105.0,105,,,,,,
111.1,2.9137607,114.0,103.0,111.1,97500,,,0.263420045375824,54.108360290527344,54.18367004394531,6.7881598472595215,0.02,0.0005
,,,,,97512,108.0,108,,,,,,
,,,,,97624,112.0,112,,,,,,
,,,,,97681,57.0,57,,,,,,
,,,,,97788,107.0,107,,,,,,
,,,,,97897,109.0,109,,,,,,
,,,,,98000,,,0.1354399025440216,51.63410949707031,51.62555694580078,6.609793663024902,0.02,0.0005
,,,,,98005,108.0,108,,,,,,
,,,,,98110,105.0,105,,,,,,
,,,,,98218,108.0,108,,,,,,
,,,,,98331,113.0,113,,,,,,
,,,,,98446,115.0,115,,,,,,
,,,,,98557,111.0,111,,,,,,
,,,,,98666,109.0,109,,,,,,
,,,,,98783,117.0,117,,,,,,
,,,,,98893,110.0,110,,,,,,
,,,,,99000,,,0.1850380152463913,53.298683166503906,53.311622619628906,2.8482115268707275,0.02,0.0005
,,,,,99011,118.0,118,,,,,,
,,,,,99121,110.0,110,,,,,,
,,,,,99233,112.0,112,,,,,,
,,,,,99346,113.0,113,,,,,,
,,,,,99457,111.0,111,,,,,,
,,,,,99566,109.0,109,,,,,,
,,,,,99675,109.0,109,,,,,,
,,,,,99785,110.0,110,,,,,,
,,,,,99896,111.0,111,,,,,,
